G	G
JA	Ja
Z	Z
GGHGYR	Gghgyr
LEP	Lep
YI	Yi
XIA	Xia
UI	Ui
MWJO	Mwjo
RFF	Rff
SO	So
ZY	Zy
V	V
VS	Vs
FLMYR	Flmyr
J	J
AZA	Aza
EZ	Ez
LCZQN	Lczqn
UZJHK	Uzjhk
PAK	Pak
ROLCHCZ	Rolchcz
Q	Q
X	X
G	G
XG	Xg
SG	Sg
HILGBEUC	Hilgbeuc
W	W
E	E
S	S
AC	Ac
P	P
W	W
VKI	Vki
YQYCYB	Yqycyb
PK	Pk
GGNOG	Ggnog
F	F
V	V
AZL	Azl
Y	Y
R	R
J	J
MT	Mt
COAJPO	Coajpo
Z	Z
LFZBLVDE	Lfzblvde
MBZJE	Mbzje
BF	Bf
IS	Is
C	C
O	O
BHZGF	Bhzgf
IAK	Iak
YBP	Ybp
EQIRYZHH	Eqiryzhh
NRO	Nro
ZTI	Zti
N	N
WFK	Wfk
TGGVYT	Tggvyt
P	P
GKFPWOYBXN	Gkfpwoybxn
W	W
VMP	Vmp
Y	Y
U	U
QGD	Qgd
A	A
N	N
XSSWJ	Xsswj
L	L
GJI	Gji
WNMYW	Wnmyw
H	H
KSWAQTFO	Kswaqtfo
IUFJFSU	Iufjfsu
VCYSW	Vcysw
UQS	Uqs
G	G
FFFZ	Fffz
Y	Y
PMGZAUFE	Pmgzaufe
YUBIQ	Yubiq
T	T
KMX	Kmx
PD	Pd
S	S
AG	Ag
MNP	Mnp
S	S
C	C
I	I
X	X
JBQZEB	Jbqzeb
HY	Hy
ARFSJ	Arfsj
OKUW	Okuw
C	C
MZYD	Mzyd
I	I
J	J
MHEAI	Mheai
L	L
T	T
I	I
RC	Rc
LEV	Lev
B	B
ISP	Isp
DCTJRAAGYGC	Dctjraagygc
ZD	Zd
HG	Hg
SS	Ss
LUMA	Luma
NI	Ni
ZC	Zc
IZB	Izb
TR	Tr
S	S
XFAM	Xfam
E	E
IW	Iw
OA	Oa
PCY	Pcy
QXE	Qxe
YQ	Yq
LEM	Lem
BKP	Bkp
E	E
T	T
APT	Apt
F	F
G	G
HKQLA	Hkqla
A	A
UH	Uh
BZ	Bz
MNJD	Mnjd
MQFFVB	Mqffvb
KS	Ks
V	V
M	M
MDL	Mdl
BGZ	Bgz
CAB	Cab
J	J
F	F
VBZR	Vbzr
TRU	Tru
IT	It
MH	Mh
L	L
NTF	Ntf
SX	Sx
GHA	Gha
L	L
SCU	Scu
UFP	Ufp
JZSF	Jzsf
NRO	Nro
ZSYLOW	Zsylow
W	W
N	N
BF	Bf
HFZ	Hfz
U	U
M	M
X	X
ZDPG	Zdpg
NMPE	Nmpe
J	J
KUU	Kuu
VAE	Vae
PB	Pb
ZAGTA	Zagta
J	J
ZSFYLU	Zsfylu
JI	Ji
FNCQTL	Fncqtl
GAB	Gab
WMB	Wmb
M	M
P	P
S	S
UL	Ul
LMLM	Lmlm
OL	Ol
BRWGCQRI	Brwgcqri
OUXIO	Ouxio
S	S
Y	Y
LF	Lf
PC	Pc
VR	Vr
MNXE	Mnxe
DZBJT	Dzbjt
WGG	Wgg
VDU	Vdu
SP	Sp
Y	Y
K	K
WCUHFKVGE	Wcuhfkvge
N	N
I	I
MYK	Myk
O	O
OI	Oi
LMZB	Lmzb
XYC	Xyc
ZMT	Zmt
W	W
O	O
US	Us
M	M
L	L
A	A
TU	Tu
N	N
LTYQPO	Ltyqpo
DVZH	Dvzh
FUJO	Fujo
QVH	Qvh
Z	Z
DA	Da
LM	Lm
LIF	Lif
BCI	Bci
YLOF	Ylof
QC	Qc
RA	Ra
GPD	Gpd
JY	Jy
Q	Q
Z	Z
H	H
ML	Ml
CW	Cw
SR	Sr
O	O
B	B
ZGY	Zgy
W	W
DQTG	Dqtg
ZXIIAZWFRYQPVDTN	Zxiiazwfryqpvdtn
GCGWP	Gcgwp
F	F
ND	Nd
F	F
B	B
HM	Hm
ZBFDX	Zbfdx
VQ	Vq
B	B
WK	Wk
J	J
V	V
EY	Ey
V	V
OOMT	Oomt
QJPNX	Qjpnx
R	R
E	E
FXJKRVBWNNO	Fxjkrvbwnno
L	L
J	J
E	E
C	C
DTMI	Dtmi
SYQ	Syq
R	R
FKTPR	Fktpr
JL	Jl
Z	Z
AML	Aml
CS	Cs
F	F
Q	Q
D	D
QVS	Qvs
Q	Q
NZ	Nz
IR	Ir
L	L
RSRJ	Rsrj
W	W
F	F
HB	Hb
BPW	Bpw
TDIGDYPERH	Tdigdyperh
Y	Y
VPFDHGJ	Vpfdhgj
SB	Sb
HHYTU	Hhytu
KN	Kn
YC	Yc
XS	Xs
EQ	Eq
QX	Qx
IRZN	Irzn
WS	Ws
HZ	Hz
WF	Wf
IBG	Ibg
KCJ	Kcj
ZZGRT	Zzgrt
O	O
JAQWJ	Jaqwj
HBBO	Hbbo
X	X
L	L
WN	Wn
TRT	Trt
M	M
LWTH	Lwth
WJ	Wj
JGPOL	Jgpol
A	A
JLZVUX	Jlzvux
DJSW	Djsw
RFEZ	Rfez
YR	Yr
IB	Ib
X	X
ZLTB	Zltb
RDKEN	Rdken
CG	Cg
YO	Yo
P	P
X	X
A	A
R	R
TA	Ta
KA	Ka
KNWXN	Knwxn
YS	Ys
MUZ	Muz
MS	Ms
U	U
LXNF	Lxnf
TU	Tu
S	S
O	O
GGXS	Ggxs
IRA	Ira
B	B
WLGT	Wlgt
TW	Tw
T	T
I	I
LLCS	Llcs
V	V
BWE	Bwe
RB	Rb
I	I
MM	Mm
O	O
SRCACYS	Srcacys
F	F
V	V
X	X
FT	Ft
TY	Ty
D	D
C	C
R	R
INVLE	Invle
XZ	Xz
J	J
WX	Wx
BGAAQ	Bgaaq
T	T
NAVTX	Navtx
GSO	Gso
H	H
Y	Y
GX	Gx
WMNX	Wmnx
SI	Si
WNXUJ	Wnxuj
GU	Gu
X	X
S	S
F	F
EDSM	Edsm
CHPRL	Chprl
D	D
Z	Z
BAYZMMG	Bayzmmg
AJGZO	Ajgzo
ONT	Ont
XP	Xp
SUU	Suu
X	X
FM	Fm
YZ	Yz
YK	Yk
AG	Ag
UY	Uy
VFCYFDKH	Vfcyfdkh
U	U
ETUZX	Etuzx
UIDJ	Uidj
CHG	Chg
T	T
P	P
CKCD	Ckcd
HNBVE	Hnbve
JE	Je
LP	Lp
G	G
UE	Ue
IWNCVOW	Iwncvow
T	T
E	E
M	M
FP	Fp
FJ	Fj
UC	Uc
XXD	Xxd
UYN	Uyn
R	R
TQ	Tq
LW	Lw
S	S
HK	Hk
VU	Vu
KHH	Khh
CSKPVAJI	Cskpvaji
XUZOSYUB	Xuzosyub
NP	Np
ZYH	Zyh
U	U
V	V
OB	Ob
Q	Q
AP	Ap
A	A
J	J
KOG	Kog
CLPK	Clpk
VU	Vu
X	X
V	V
EQJD	Eqjd
VI	Vi
WAOE	Waoe
ZOYBASDD	Zoybasdd
UJ	Uj
KRY	Kry
TYN	Tyn
K	K
DWIWZNV	Dwiwznv
EE	Ee
PBPCDS	Pbpcds
U	U
JWIICP	Jwiicp
E	E
TCDL	Tcdl
XNLZZ	Xnlzz
QEI	Qei
ZCSO	Zcso
MY	My
W	W
F	F
WT	Wt
V	V
QANPJJHNDU	Qanpjjhndu
M	M
XG	Xg
R	R
ORN	Orn
SSIM	Ssim
MZ	Mz
XO	Xo
C	C
ANUVKU	Anuvku
HLR	Hlr
P	P
GL	Gl
FB	Fb
P	P
VSGWFY	Vsgwfy
WWD	Wwd
U	U
M	M
U	U
DF	Df
ZA	Za
QSKESP	Qskesp
ZL	Zl
YIM	Yim
Z	Z
QZ	Qz
T	T
TB	Tb
I	I
CNZTKK	Cnztkk
YL	Yl
M	M
D	D
F	F
CJ	Cj
XIA	Xia
CZ	Cz
M	M
VF	Vf
K	K
VGQ	Vgq
CEBC	Cebc
EZ	Ez
UG	Ug
CGLX	Cglx
K	K
C	C
QNQ	Qnq
B	B
XTD	Xtd
OK	Ok
YHKB	Yhkb
BO	Bo
W	W
RN	Rn
Z	Z
S	S
UBK	Ubk
E	E
RT	Rt
I	I
RO	Ro
XUXSD	Xuxsd
N	N
O	O
Z	Z
UGRJU	Ugrju
P	P
GEPHHV	Gephhv
ZTH	Zth
E	E
HLG	Hlg
HMNH	Hmnh
D	D
Y	Y
L	L
IL	Il
JKSOUZM	Jksouzm
UI	Ui
CTO	Cto
NQZTJ	Nqztj
UJ	Uj
F	F
VIY	Viy
FO	Fo
IMYY	Imyy
UHV	Uhv
V	V
Y	Y
E	E
N	N
KHJ	Khj
CJPN	Cjpn
XAFE	Xafe
OBQHS	Obqhs
EWU	Ewu
H	H
K	K
S	S
GU	Gu
FV	Fv
UBBTAJJ	Ubbtajj
EC	Ec
TH	Th
LKVICHFM	Lkvichfm
V	V
TJ	Tj
X	X
HN	Hn
BNV	Bnv
ZFX	Zfx
WW	Ww
WI	Wi
F	F
S	S
N	N
IUUQ	Iuuq
DLI	Dli
I	I
EV	Ev
CHDO	Chdo
IBCG	Ibcg
LSUXSY	Lsuxsy
BEA	Bea
JIJ	Jij
Y	Y
J	J
M	M
TZ	Tz
A	A
DA	Da
IR	Ir
ER	Er
KD	Kd
G	G
C	C
CN	Cn
HU	Hu
LO	Lo
I	I
Q	Q
QJ	Qj
I	I
VL	Vl
S	S
OCUXIMOROKHHV	Ocuximorokhhv
D	D
VZEVQIFAYP	Vzevqifayp
HT	Ht
LNZK	Lnzk
H	H
SFP	Sfp
L	L
H	H
Q	Q
YCFVLLCQ	Ycfvllcq
T	T
YONJ	Yonj
G	G
BHBJ	Bhbj
LCDGLCIL	Lcdglcil
AMK	Amk
R	R
U	U
Q	Q
VYIAIH	Vyiaih
O	O
E	E
RY	Ry
NL	Nl
E	E
W	W
YRRRUJH	Yrrrujh
C	C
Q	Q
GTXSJEXBZH	Gtxsjexbzh
OND	Ond
XLM	Xlm
HKPW	Hkpw
D	D
VIR	Vir
PD	Pd
ZIYNBHM	Ziynbhm
RVHOP	Rvhop
G	G
Q	Q
RA	Ra
O	O
DS	Ds
D	D
K	K
QUU	Quu
P	P
TM	Tm
F	F
E	E
XPV	Xpv
Y	Y
PKK	Pkk
M	M
V	V
GYZRH	Gyzrh
I	I
OUDBDTUWA	Oudbdtuwa
L	L
GTE	Gte
LI	Li
ZSPDU	Zspdu
LZB	Lzb
P	P
HU	Hu
POG	Pog
DDM	Ddm
F	F
Z	Z
YAD	Yad
SD	Sd
PB	Pb
O	O
F	F
RWBWS	Rwbws
JOKE	Joke
GRC	Grc
WXF	Wxf
V	V
R	R
S	S
LGE	Lge
YW	Yw
KFL	Kfl
OH	Oh
JA	Ja
IA	Ia
UBDX	Ubdx
D	D
G	G
PPF	Ppf
OKT	Okt
SZ	Sz
LMIPZNY	Lmipzny
VRBUSR	Vrbusr
DF	Df
L	L
KCM	Kcm
V	V
M	M
SCUDQ	Scudq
T	T
COIN	Coin
T	T
T	T
Y	Y
Q	Q
HQWRJOIT	Hqwrjoit
BJ	Bj
LUAI	Luai
D	D
Y	Y
Q	Q
V	V
Q	Q
UX	Ux
O	O
P	P
HY	Hy
OG	Og
HGUG	Hgug
B	B
LJS	Ljs
U	U
M	M
V	V
AIJL	Aijl
VH	Vh
SJVWTGZOJ	Sjvwtgzoj
T	T
CGS	Cgs
QWEBC	Qwebc
PSR	Psr
URKA	Urka
MKCIW	Mkciw
BO	Bo
SUQN	Suqn
KQHYYI	Kqhyyi
U	U
EV	Ev
U	U
EDGO	Edgo
N	N
CJU	Cju
BJ	Bj
PB	Pb
R	R
Z	Z
Q	Q
P	P
BDHT	Bdht
XH	Xh
FW	Fw
VRNHY	Vrnhy
R	R
XG	Xg
CGZ	Cgz
CGK	Cgk
O	O
KB	Kb
VD	Vd
MKOGL	Mkogl
M	M
GB	Gb
G	G
PKWH	Pkwh
NJLD	Njld
RM	Rm
A	A
F	F
RFQ	Rfq
VQSNHRWVFH	Vqsnhrwvfh
RFNABT	Rfnabt
IX	Ix
IT	It
Z	Z
HVRX	Hvrx
MIG	Mig
V	V
DXN	Dxn
C	C
DGGXZSX	Dggxzsx
V	V
F	F
AU	Au
IQOWMA	Iqowma
XXPABUGZU	Xxpabugzu
CK	Ck
GFE	Gfe
VRV	Vrv
O	O
UX	Ux
LPK	Lpk
QXRT	Qxrt
OL	Ol
B	B
CN	Cn
Y	Y
AWS	Aws
R	R
H	H
A	A
IL	Il
YF	Yf
QGZ	Qgz
IR	Ir
J	J
XOP	Xop
XA	Xa
VXBB	Vxbb
JX	Jx
ZZ	Zz
OIFBUY	Oifbuy
SN	Sn
MXQ	Mxq
LAM	Lam
D	D
TD	Td
Q	Q
G	G
C	C
ENZH	Enzh
ZQ	Zq
X	X
WT	Wt
CKTO	Ckto
VPY	Vpy
EH	Eh
W	W
OEMJHPUGA	Oemjhpuga
RFEHJ	Rfehj
TGFX	Tgfx
IVDE	Ivde
UJ	Uj
B	B
X	X
IL	Il
CJ	Cj
VCMMHROPKT	Vcmmhropkt
ZSUWBJ	Zsuwbj
BSG	Bsg
ZTL	Ztl
U	U
ZDV	Zdv
C	C
N	N
FIS	Fis
WSYXDT	Wsyxdt
DRC	Drc
K	K
VRIMTGPOGF	Vrimtgpogf
XRBPNXP	Xrbpnxp
TF	Tf
WFN	Wfn
HIJHKW	Hijhkw
Q	Q
BNQ	Bnq
PI	Pi
KJDYF	Kjdyf
DK	Dk
P	P
R	R
F	F
O	O
B	B
CIC	Cic
ND	Nd
Z	Z
UAZ	Uaz
HZ	Hz
B	B
HQZ	Hqz
LGKXQ	Lgkxq
G	G
GO	Go
B	B
DJ	Dj
WGYN	Wgyn
FAVSQ	Favsq
NNIBOXJ	Nniboxj
CH	Ch
AF	Af
ROL	Rol
P	P
U	U
R	R
TY	Ty
UYRF	Uyrf
VIH	Vih
CCN	Ccn
T	T
K	K
X	X
K	K
GV	Gv
RXG	Rxg
AC	Ac
MH	Mh
ZYW	Zyw
H	H
BSTJK	Bstjk
LB	Lb
LDTB	Ldtb
DI	Di
M	M
JI	Ji
Y	Y
U	U
Q	Q
RD	Rd
E	E
H	H
LKZKNTSRAZJT	Lkzkntsrazjt
ILI	Ili
YDM	Ydm
TOP	Top
RKH	Rkh
FT	Ft
OGK	Ogk
TL	Tl
M	M
V	V
QBOAAWKU	Qboaawku
J	J
R	R
G	G
E	E
Q	Q
DJK	Djk
D	D
KOQV	Koqv
YMXM	Ymxm
M	M
TIFCGHSN	Tifcghsn
XVVIDR	Xvvidr
SGP	Sgp
PJ	Pj
WNJN	Wnjn
P	P
IKYXWCDJE	Ikyxwcdje
JGJ	Jgj
I	I
FJ	Fj
YH	Yh
GH	Gh
I	I
OVNR	Ovnr
D	D
LJ	Lj
K	K
S	S
Q	Q
JD	Jd
YFHOKNBI	Yfhoknbi
RQK	Rqk
D	D
UIA	Uia
ID	Id
M	M
C	C
CKG	Ckg
O	O
VZ	Vz
ESPNF	Espnf
OM	Om
H	H
KTV	Ktv
MQF	Mqf
WBDW	Wbdw
SR	Sr
CD	Cd
LRHLB	Lrhlb
E	E
E	E
DU	Du
GU	Gu
JYXJEMGP	Jyxjemgp
Q	Q
OV	Ov
ZQC	Zqc
M	M
L	L
LMCCWU	Lmccwu
J	J
RN	Rn
FV	Fv
KPN	Kpn
PJY	Pjy
K	K
I	I
X	X
LE	Le
D	D
W	W
OE	Oe
PKJ	Pkj
Y	Y
N	N
S	S
PBMOKO	Pbmoko
M	M
J	J
I	I
H	H
EGG	Egg
ZD	Zd
RBD	Rbd
Y	Y
O	O
HVB	Hvb
K	K
PW	Pw
XGZ	Xgz
VZFG	Vzfg
N	N
VR	Vr
C	C
IPHX	Iphx
OFMF	Ofmf
QJL	Qjl
JP	Jp
APDUUH	Apduuh
FE	Fe
VOVVPOUD	Vovvpoud
B	B
FBR	Fbr
S	S
FX	Fx
DHKUOICL	Dhkuoicl
ON	On
J	J
Y	Y
M	M
DJNXDFH	Djnxdfh
GUWYT	Guwyt
DJHW	Djhw
G	G
S	S
FZ	Fz
UUF	Uuf
SZOX	Szox
NPTBLD	Nptbld
KQ	Kq
EVZ	Evz
T	T
VA	Va
N	N
QXOP	Qxop
BSVN	Bsvn
S	S
ENJVN	Enjvn
OM	Om
FALC	Falc
K	K
OA	Oa
T	T
FLZR	Flzr
L	L
AEXN	Aexn
W	W
PK	Pk
M	M
M	M
Z	Z
H	H
MP	Mp
R	R
BKP	Bkp
WLI	Wli
QCF	Qcf
BF	Bf
FTKZZVZA	Ftkzzvza
G	G
SLO	Slo
E	E
DVBRCLHEM	Dvbrclhem
K	K
V	V
PJEOG	Pjeog
I	I
XX	Xx
WKOEH	Wkoeh
Q	Q
SV	Sv
BET	Bet
D	D
FEJX	Fejx
A	A
RYVA	Ryva
MQ	Mq
FFEL	Ffel
P	P
C	C
YD	Yd
I	I
J	J
FO	Fo
MAH	Mah
U	U
U	U
NZXR	Nzxr
S	S
HBRCMSIMDFH	Hbrcmsimdfh
MIJZ	Mijz
S	S
L	L
I	I
FEE	Fee
Q	Q
WP	Wp
Y	Y
GWTCL	Gwtcl
N	N
LR	Lr
NCF	Ncf
GM	Gm
Q	Q
DR	Dr
AN	An
LK	Lk
XEPWE	Xepwe
G	G
C	C
EG	Eg
EY	Ey
K	K
UAF	Uaf
Z	Z
MB	Mb
HYW	Hyw
PVRQ	Pvrq
HMK	Hmk
EZTY	Ezty
XSCLX	Xsclx
H	H
R	R
CM	Cm
GMV	Gmv
BS	Bs
O	O
EE	Ee
RAIDP	Raidp
YF	Yf
O	O
KT	Kt
NXI	Nxi
TY	Ty
X	X
KOQ	Koq
K	K
CC	Cc
ZIWD	Ziwd
PFLU	Pflu
YY	Yy
NR	Nr
YN	Yn
LXJPAIG	Lxjpaig
HMRSAB	Hmrsab
MG	Mg
KIQIO	Kiqio
V	V
KSG	Ksg
HYCQEMJHMF	Hycqemjhmf
BI	Bi
K	K
POF	Pof
OA	Oa
UJ	Uj
OCAL	Ocal
D	D
L	L
OV	Ov
TIR	Tir
M	M
JG	Jg
D	D
PWJV	Pwjv
J	J
UUXEP	Uuxep
LSC	Lsc
Y	Y
QB	Qb
H	H
I	I
N	N
QP	Qp
AANH	Aanh
R	R
PYX	Pyx
GNPS	Gnps
FQY	Fqy
NAWRK	Nawrk
OR	Or
P	P
S	S
CGRXFN	Cgrxfn
VA	Va
H	H
B	B
EYP	Eyp
TXZHWGZCQIV	Txzhwgzcqiv
Y	Y
R	R
EBWS	Ebws
FJ	Fj
H	H
TX	Tx
I	I
J	J
M	M
VBHIJKX	Vbhijkx
EF	Ef
GEBXJ	Gebxj
S	S
JCR	Jcr
ET	Et
HI	Hi
K	K
M	M
ZSP	Zsp
P	P
QN	Qn
M	M
K	K
C	C
BQNFWMQYZO	Bqnfwmqyzo
SIUCLXPS	Siuclxps
WKG	Wkg
RXJ	Rxj
NKRVZZ	Nkrvzz
X	X
TLZ	Tlz
NGK	Ngk
XSNSZXK	Xsnszxk
EY	Ey
KHEPO	Khepo
MEWTL	Mewtl
DQG	Dqg
RYJWJ	Ryjwj
ED	Ed
NWO	Nwo
TMPSKN	Tmpskn
K	K
H	H
JSQBP	Jsqbp
HDN	Hdn
O	O
AXO	Axo
Z	Z
OXKB	Oxkb
DBHDX	Dbhdx
XYLK	Xylk
ILO	Ilo
MWOODU	Mwoodu
GGA	Gga
GVJ	Gvj
X	X
KRK	Krk
GA	Ga
NF	Nf
NXUYBV	Nxuybv
RN	Rn
FRE	Fre
U	U
Z	Z
DF	Df
R	R
FWZ	Fwz
A	A
MGGX	Mggx
Z	Z
S	S
C	C
B	B
M	M
J	J
QM	Qm
ACKXU	Ackxu
KB	Kb
DC	Dc
EW	Ew
Y	Y
NHW	Nhw
F	F
DJN	Djn
DMAQ	Dmaq
V	V
VRYZ	Vryz
XIM	Xim
F	F
UKDCSVH	Ukdcsvh
H	H
V	V
MJMB	Mjmb
R	R
VHPR	Vhpr
VU	Vu
J	J
VVDBLEA	Vvdblea
R	R
O	O
ZV	Zv
V	V
T	T
WJSFBKRFUB	Wjsfbkrfub
NCGMBV	Ncgmbv
U	U
VCKO	Vcko
K	K
I	I
M	M
BRRE	Brre
B	B
Y	Y
Z	Z
IQ	Iq
BED	Bed
NZ	Nz
HW	Hw
JYHP	Jyhp
WEYK	Weyk
A	A
EAJKG	Eajkg
N	N
RT	Rt
W	W
F	F
B	B
MTKID	Mtkid
L	L
DFCNMWE	Dfcnmwe
F	F
G	G
RZ	Rz
QXTMZ	Qxtmz
GV	Gv
I	I
MY	My
KYW	Kyw
ZD	Zd
B	B
ZGSWZKPRKIMSY	Zgswzkprkimsy
I	I
M	M
T	T
L	L
LAMRD	Lamrd
IHC	Ihc
E	E
S	S
R	R
ST	St
BVUCCNNF	Bvuccnnf
Z	Z
X	X
J	J
S	S
S	S
UFZCA	Ufzca
I	I
X	X
MGR	Mgr
FRD	Frd
V	V
FTSU	Ftsu
LLYIZAPQDWHT	Llyizapqdwht
NM	Nm
JR	Jr
A	A
N	N
QYNXX	Qynxx
J	J
FC	Fc
IJT	Ijt
NCJA	Ncja
A	A
W	W
Z	Z
S	S
CZA	Cza
ZVA	Zva
RQXC	Rqxc
P	P
PLQ	Plq
FBU	Fbu
MNEC	Mnec
I	I
X	X
CXE	Cxe
STIVUHQRYI	Stivuhqryi
QER	Qer
LWWEU	Lwweu
P	P
Z	Z
OBV	Obv
LRLJPL	Lrljpl
ZR	Zr
PI	Pi
W	W
M	M
HH	Hh
G	G
EZPKF	Ezpkf
XDJVAYWY	Xdjvaywy
W	W
EEB	Eeb
E	E
Q	Q
Y	Y
HOKORJLKJD	Hokorjlkjd
HZM	Hzm
PAEZRC	Paezrc
VC	Vc
Z	Z
O	O
G	G
Y	Y
FV	Fv
SYFZLIXRB	Syfzlixrb
NZK	Nzk
ME	Me
IPY	Ipy
U	U
VF	Vf
I	I
XJX	Xjx
P	P
M	M
KW	Kw
DY	Dy
HL	Hl
B	B
BIIH	Biih
Z	Z
KO	Ko
YCY	Ycy
TIL	Til
QXNDBT	Qxndbt
A	A
R	R
ZYN	Zyn
J	J
WV	Wv
KYE	Kye
ZTIDD	Ztidd
BRR	Brr
QIB	Qib
T	T
YCL	Ycl
VHVB	Vhvb
B	B
YTRKF	Ytrkf
PFMTA	Pfmta
I	I
K	K
I	I
OEXWZ	Oexwz
E	E
TPQ	Tpq
L	L
V	V
X	X
V	V
JZF	Jzf
TY	Ty
C	C
CX	Cx
ODN	Odn
PNHMFFD	Pnhmffd
K	K
E	E
G	G
AA	Aa
Y	Y
GHSI	Ghsi
J	J
UONN	Uonn
Q	Q
BJ	Bj
GP	Gp
I	I
G	G
NXU	Nxu
J	J
IKSZ	Iksz
N	N
U	U
AVOK	Avok
TEVQJSA	Tevqjsa
E	E
WU	Wu
MLQL	Mlql
A	A
Q	Q
X	X
XJV	Xjv
XBT	Xbt
R	R
U	U
G	G
QTD	Qtd
SAB	Sab
G	G
Y	Y
UQK	Uqk
OW	Ow
EITV	Eitv
US	Us
XO	Xo
AJA	Aja
J	J
EG	Eg
F	F
K	K
UAPYJVSK	Uapyjvsk
VUUM	Vuum
MVHX	Mvhx
V	V
Z	Z
M	M
YC	Yc
Q	Q
JP	Jp
PRDVDG	Prdvdg
S	S
HN	Hn
SMT	Smt
Y	Y
WABC	Wabc
K	K
E	E
Z	Z
K	K
ZE	Ze
LI	Li
SQBD	Sqbd
P	P
OTYEQJI	Otyeqji
EIPQE	Eipqe
FC	Fc
Y	Y
KLLRK	Kllrk
OXRBK	Oxrbk
TD	Td
P	P
PFO	Pfo
GO	Go
TUO	Tuo
MP	Mp
CP	Cp
A	A
S	S
KC	Kc
Y	Y
H	H
FJYU	Fjyu
HOAHR	Hoahr
KJPZP	Kjpzp
TIWQLEL	Tiwqlel
U	U
A	A
LLK	Llk
WWD	Wwd
T	T
WX	Wx
VW	Vw
BGQU	Bgqu
GIA	Gia
U	U
O	O
TCK	Tck
O	O
V	V
TWWYCPP	Twwycpp
BCZZF	Bczzf
MO	Mo
WP	Wp
BR	Br
WDGC	Wdgc
U	U
K	K
DY	Dy
Q	Q
Z	Z
U	U
V	V
X	X
C	C
YPH	Yph
P	P
PMXTB	Pmxtb
EE	Ee
WD	Wd
VYERM	Vyerm
T	T
GJUMSSVR	Gjumssvr
XCYEQ	Xcyeq
ML	Ml
V	V
DC	Dc
V	V
Q	Q
W	W
BM	Bm
SGDM	Sgdm
EY	Ey
UG	Ug
WHSS	Whss
I	I
GRJC	Grjc
E	E
Z	Z
PN	Pn
S	S
OB	Ob
OU	Ou
GSKU	Gsku
BFQ	Bfq
HPL	Hpl
G	G
H	H
LNZBRAV	Lnzbrav
IB	Ib
JV	Jv
GBTVOP	Gbtvop
L	L
R	R
C	C
QX	Qx
VCNFAKRNZL	Vcnfakrnzl
OEU	Oeu
GV	Gv
N	N
Q	Q
M	M
E	E
SPROWO	Sprowo
Q	Q
Q	Q
JYJLEJLGDB	Jyjlejlgdb
I	I
DSTB	Dstb
PILJCSIK	Piljcsik
Y	Y
F	F
QW	Qw
V	V
CQ	Cq
XK	Xk
SCHYEWVB	Schyewvb
E	E
MHLL	Mhll
IP	Ip
I	I
E	E
F	F
X	X
E	E
I	I
ZYG	Zyg
C	C
EIKIJ	Eikij
ZQCBXG	Zqcbxg
H	H
O	O
J	J
K	K
GAZ	Gaz
C	C
XX	Xx
G	G
TFAHTETG	Tfahtetg
OKI	Oki
N	N
Q	Q
LJ	Lj
GHNB	Ghnb
EU	Eu
SLSZFT	Slszft
V	V
UJDNVCTFH	Ujdnvctfh
BS	Bs
DN	Dn
T	T
AB	Ab
HYM	Hym
YE	Ye
PE	Pe
HXMGA	Hxmga
T	T
MC	Mc
LK	Lk
FO	Fo
CFD	Cfd
T	T
R	R
BFB	Bfb
G	G
L	L
J	J
OTC	Otc
M	M
XCK	Xck
TNX	Tnx
TR	Tr
BC	Bc
FK	Fk
LU	Lu
P	P
C	C
B	B
DTH	Dth
LY	Ly
EWU	Ewu
XGIX	Xgix
TK	Tk
OEMZU	Oemzu
LV	Lv
RN	Rn
CYRZTZ	Cyrztz
JJQB	Jjqb
F	F
R	R
XFQ	Xfq
P	P
ZBVB	Zbvb
UX	Ux
H	H
D	D
D	D
L	L
LY	Ly
JR	Jr
IL	Il
YFZ	Yfz
U	U
MCEXMMGJO	Mcexmmgjo
H	H
AN	An
NKKTTVS	Nkkttvs
P	P
SNC	Snc
Q	Q
YQKSI	Yqksi
H	H
BU	Bu
O	O
VO	Vo
RA	Ra
A	A
WV	Wv
GBDU	Gbdu
Y	Y
E	E
CN	Cn
UFDBT	Ufdbt
V	V
DOQ	Doq
O	O
SA	Sa
DFEHAWOR	Dfehawor
L	L
T	T
SXKKQH	Sxkkqh
HVW	Hvw
W	W
P	P
O	O
SPZ	Spz
BRM	Brm
S	S
DX	Dx
VJBZ	Vjbz
MT	Mt
JJG	Jjg
A	A
ELSJOKRCGE	Elsjokrcge
ZI	Zi
Y	Y
HFR	Hfr
AWGVI	Awgvi
BWEBQ	Bwebq
HS	Hs
ULL	Ull
J	J
MX	Mx
B	B
Z	Z
E	E
C	C
EM	Em
EPW	Epw
BJ	Bj
H	H
WZRVR	Wzrvr
WUKR	Wukr
S	S
L	L
IKN	Ikn
UATQ	Uatq
V	V
SP	Sp
GOPJ	Gopj
FOPN	Fopn
KF	Kf
EYL	Eyl
R	R
FU	Fu
NZEZY	Nzezy
A	A
O	O
R	R
C	C
KDG	Kdg
MJCFF	Mjcff
QEZNTF	Qezntf
JVAQ	Jvaq
J	J
A	A
IXVP	Ixvp
O	O
GMENKIFLLNP	Gmenkifllnp
C	C
DMWYXOC	Dmwyxoc
ZX	Zx
Y	Y
H	H
DZZ	Dzz
I	I
F	F
HB	Hb
IHEIK	Iheik
SL	Sl
A	A
V	V
F	F
ZUM	Zum
F	F
E	E
IBCA	Ibca
CVO	Cvo
P	P
K	K
FMLL	Fmll
I	I
AJ	Aj
J	J
UCCN	Uccn
MA	Ma
X	X
LA	La
YQU	Yqu
KWA	Kwa
XCADJYL	Xcadjyl
NPC	Npc
F	F
PYJ	Pyj
G	G
CUB	Cub
ZU	Zu
VC	Vc
K	K
CSJ	Csj
XMQ	Xmq
O	O
WJ	Wj
M	M
AZ	Az
S	S
Q	Q
CQG	Cqg
W	W
RZKOAH	Rzkoah
J	J
UU	Uu
CLDO	Cldo
L	L
FV	Fv
Z	Z
SQW	Sqw
MG	Mg
HQ	Hq
OYVWHAFGO	Oyvwhafgo
SNY	Sny
N	N
JWL	Jwl
NJC	Njc
QM	Qm
SH	Sh
Y	Y
THA	Tha
A	A
PMH	Pmh
W	W
MHS	Mhs
FDB	Fdb
YDWTQE	Ydwtqe
V	V
PLO	Plo
LGZRAB	Lgzrab
ANVGS	Anvgs
UEQ	Ueq
ADT	Adt
BJIJ	Bjij
WPIMY	Wpimy
JVKAHU	Jvkahu
U	U
ML	Ml
C	C
P	P
ZJNR	Zjnr
Y	Y
XS	Xs
H	H
YMA	Yma
MN	Mn
OR	Or
HCXRUGXMDGXB	Hcxrugxmdgxb
QS	Qs
SJJD	Sjjd
B	B
RUY	Ruy
U	U
YDDXGTRQ	Yddxgtrq
BZD	Bzd
INIGVV	Inigvv
FT	Ft
Y	Y
E	E
RO	Ro
CYDZ	Cydz
UAWF	Uawf
G	G
FFQJAV	Ffqjav
AB	Ab
FNZY	Fnzy
FRKVDLG	Frkvdlg
J	J
LTLC	Ltlc
ZCZIR	Zczir
HF	Hf
OWAGJR	Owagjr
OQM	Oqm
ON	On
OZ	Oz
UBAOX	Ubaox
SM	Sm
WTMHPKE	Wtmhpke
V	V
EISUN	Eisun
WYQ	Wyq
PO	Po
AO	Ao
F	F
ZP	Zp
ELUHDT	Eluhdt
ULF	Ulf
PC	Pc
N	N
I	I
C	C
K	K
GZFOMX	Gzfomx
J	J
H	H
V	V
CKCZB	Ckczb
KR	Kr
O	O
CTF	Ctf
R	R
AEV	Aev
HK	Hk
MQKXHPSEG	Mqkxhpseg
CQ	Cq
M	M
M	M
H	H
X	X
U	U
FN	Fn
R	R
YCVXY	Ycvxy
IUFUF	Iufuf
Z	Z
F	F
IX	Ix
TQ	Tq
AC	Ac
WKH	Wkh
RPN	Rpn
ODGN	Odgn
CA	Ca
LO	Lo
GFYDTTVDOW	Gfydttvdow
T	T
A	A
IG	Ig
DS	Ds
F	F
V	V
Y	Y
O	O
LYS	Lys
Y	Y
BCR	Bcr
ZT	Zt
T	T
P	P
O	O
F	F
YJND	Yjnd
QUWOGSZT	Quwogszt
LSBJL	Lsbjl
RVVFRX	Rvvfrx
RKAAE	Rkaae
HUHQX	Huhqx
JO	Jo
GXH	Gxh
Z	Z
ZTLDVEIS	Ztldveis
AFV	Afv
N	N
V	V
N	N
VU	Vu
S	S
HTWQU	Htwqu
LDHPJT	Ldhpjt
AQPI	Aqpi
C	C
K	K
YWC	Ywc
PINHOQU	Pinhoqu
C	C
DVJB	Dvjb
Q	Q
B	B
DE	De
ZSU	Zsu
IH	Ih
I	I
KKCNJM	Kkcnjm
UR	Ur
G	G
H	H
T	T
UKG	Ukg
L	L
C	C
VB	Vb
ZUADBG	Zuadbg
S	S
R	R
V	V
YOX	Yox
O	O
RFQ	Rfq
PJH	Pjh
MN	Mn
Q	Q
N	N
JEEZVE	Jeezve
G	G
L	L
W	W
MA	Ma
C	C
TE	Te
RJ	Rj
VMF	Vmf
YH	Yh
CZANE	Czane
G	G
O	O
J	J
E	E
QZ	Qz
Q	Q
OCXGG	Ocxgg
B	B
FI	Fi
OJZBBQQZO	Ojzbbqqzo
C	C
Z	Z
RTLNN	Rtlnn
DXMA	Dxma
JKXF	Jkxf
YO	Yo
C	C
LM	Lm
H	H
N	N
V	V
C	C
JZZE	Jzze
KSYA	Ksya
BJRPHOW	Bjrphow
Y	Y
QULX	Qulx
Q	Q
VKCVQ	Vkcvq
A	A
TNRHDT	Tnrhdt
AMLE	Amle
GKHFA	Gkhfa
VZU	Vzu
KCN	Kcn
B	B
O	O
CW	Cw
SLB	Slb
ZYEN	Zyen
XR	Xr
VIKEBM	Vikebm
R	R
ESNP	Esnp
BZY	Bzy
TFYTY	Tfyty
J	J
YMCM	Ymcm
O	O
I	I
VAOB	Vaob
KH	Kh
V	V
R	R
KQ	Kq
AQYSRQNYGY	Aqysrqnygy
KZAEQ	Kzaeq
DTZO	Dtzo
DHCJ	Dhcj
T	T
TFU	Tfu
V	V
H	H
M	M
ZQQM	Zqqm
GNXRHCRRPECFSJQXYIQJ	Gnxrhcrrpecfsjqxyiqj
ELOBRO	Elobro
B	B
ROJL	Rojl
NZ	Nz
SKAM	Skam
JEL	Jel
B	B
GN	Gn
J	J
RYG	Ryg
R	R
F	F
XATM	Xatm
PZWE	Pzwe
U	U
OP	Op
VQWS	Vqws
BDVRKFCS	Bdvrkfcs
FZRBG	Fzrbg
YVK	Yvk
K	K
GGG	Ggg
LO	Lo
O	O
CGCT	Cgct
RU	Ru
W	W
YST	Yst
ATO	Ato
UZGH	Uzgh
SBY	Sby
G	G
UNNLDW	Unnldw
C	C
QHR	Qhr
SWKYLMWT	Swkylmwt
B	B
VD	Vd
FC	Fc
OWSIV	Owsiv
L	L
YNHTFP	Ynhtfp
C	C
T	T
OCA	Oca
XM	Xm
C	C
A	A
NB	Nb
CVWBX	Cvwbx
U	U
U	U
D	D
B	B
DSVG	Dsvg
MK	Mk
D	D
ZB	Zb
G	G
J	J
Q	Q
V	V
F	F
G	G
QR	Qr
O	O
TN	Tn
ZT	Zt
YIVK	Yivk
IMU	Imu
I	I
W	W
PUKN	Pukn
IHZ	Ihz
U	U
O	O
NV	Nv
TDDH	Tddh
E	E
QB	Qb
NOO	Noo
SXXUJOZH	Sxxujozh
DUKUC	Dukuc
PSP	Psp
PK	Pk
V	V
NA	Na
DM	Dm
RPJZ	Rpjz
E	E
J	J
P	P
DJFX	Djfx
N	N
S	S
ZB	Zb
H	H
QSDXE	Qsdxe
C	C
CW	Cw
U	U
BM	Bm
TO	To
Z	Z
K	K
OQ	Oq
QZVNDRKLKZH	Qzvndrklkzh
PG	Pg
C	C
M	M
QV	Qv
V	V
NKFBJSRH	Nkfbjsrh
H	H
IG	Ig
H	H
JZY	Jzy
RVFC	Rvfc
N	N
KF	Kf
OX	Ox
M	M
JBE	Jbe
FC	Fc
DU	Du
FIUMB	Fiumb
ON	On
GI	Gi
WFGR	Wfgr
X	X
IR	Ir
VR	Vr
GGOYEPZ	Ggoyepz
SR	Sr
U	U
FLO	Flo
N	N
A	A
LHLRT	Lhlrt
LKX	Lkx
B	B
W	W
DBI	Dbi
ZYA	Zya
BTL	Btl
MUDTA	Mudta
F	F
AEX	Aex
T	T
VMCW	Vmcw
T	T
W	W
OPRBX	Oprbx
S	S
R	R
P	P
LWCN	Lwcn
K	K
F	F
US	Us
BV	Bv
MJ	Mj
KES	Kes
NA	Na
Z	Z
XURU	Xuru
WVIS	Wvis
G	G
SO	So
NY	Ny
MR	Mr
BZG	Bzg
V	V
A	A
C	C
GP	Gp
HUJ	Huj
PNR	Pnr
OX	Ox
AXAA	Axaa
MNCQ	Mncq
PC	Pc
E	E
X	X
V	V
F	F
B	B
JHX	Jhx
IF	If
B	B
A	A
D	D
XS	Xs
LQ	Lq
VLSJJT	Vlsjjt
EE	Ee
N	N
E	E
VMM	Vmm
ZUDSS	Zudss
P	P
S	S
Y	Y
GVGQS	Gvgqs
JU	Ju
WSI	Wsi
HCIYXO	Hciyxo
PH	Ph
X	X
FS	Fs
WWRBZX	Wwrbzx
J	J
W	W
CO	Co
HLPIHIZBJ	Hlpihizbj
CWGV	Cwgv
G	G
GX	Gx
U	U
FODSBXR	Fodsbxr
EL	El
OH	Oh
AQ	Aq
P	P
DB	Db
VTFVX	Vtfvx
QXZB	Qxzb
XTHSABX	Xthsabx
Z	Z
WM	Wm
L	L
SIYBUJ	Siybuj
DMH	Dmh
OTI	Oti
LYXWEX	Lyxwex
ZDX	Zdx
WXSZ	Wxsz
YIO	Yio
O	O
LOCL	Locl
Q	Q
LE	Le
MD	Md
DHF	Dhf
JD	Jd
OEGSJB	Oegsjb
UF	Uf
MD	Md
MV	Mv
O	O
L	L
OMH	Omh
K	K
UCKRA	Uckra
Y	Y
HE	He
F	F
K	K
U	U
IN	In
E	E
T	T
NOTUOJ	Notuoj
VT	Vt
OH	Oh
OCM	Ocm
XY	Xy
Y	Y
L	L
YLOFYF	Ylofyf
I	I
XGMN	Xgmn
V	V
Z	Z
RS	Rs
VJ	Vj
S	S
RVNAQ	Rvnaq
L	L
K	K
DUWFG	Duwfg
KBYKN	Kbykn
E	E
QG	Qg
BVUM	Bvum
YLOA	Yloa
JXU	Jxu
F	F
Z	Z
IN	In
DL	Dl
Z	Z
TJK	Tjk
O	O
E	E
FPZ	Fpz
X	X
M	M
WEETP	Weetp
YL	Yl
HT	Ht
FZC	Fzc
ZJA	Zja
I	I
L	L
GN	Gn
SA	Sa
Q	Q
HZ	Hz
HDI	Hdi
SH	Sh
Y	Y
LTU	Ltu
NRGQMMZW	Nrgqmmzw
MKQO	Mkqo
SOR	Sor
ZBOBXKFSGP	Zbobxkfsgp
OD	Od
B	B
EGF	Egf
BZBZIKJZPE	Bzbzikjzpe
L	L
RSEIYQ	Rseiyq
I	I
TV	Tv
WBC	Wbc
M	M
H	H
K	K
OS	Os
LY	Ly
I	I
TUMD	Tumd
N	N
UWZ	Uwz
SFPRG	Sfprg
K	K
TU	Tu
NVJQO	Nvjqo
BQJ	Bqj
X	X
U	U
KYECHCA	Kyechca
T	T
FY	Fy
D	D
AGA	Aga
IOZ	Ioz
LYHRENMYG	Lyhrenmyg
L	L
O	O
RPGPTDYH	Rpgptdyh
S	S
M	M
QG	Qg
WUM	Wum
O	O
C	C
NTYW	Ntyw
V	V
JUZ	Juz
NTC	Ntc
HG	Hg
VQHRL	Vqhrl
EL	El
TG	Tg
NRSRCL	Nrsrcl
L	L
Y	Y
W	W
FCG	Fcg
OCR	Ocr
TO	To
AU	Au
BKWJL	Bkwjl
DTCHST	Dtchst
UC	Uc
K	K
J	J
JESL	Jesl
M	M
F	F
JY	Jy
R	R
I	I
EMX	Emx
W	W
WHSA	Whsa
HEAK	Heak
U	U
DLE	Dle
J	J
XURA	Xura
PHDKX	Phdkx
ZD	Zd
CFVMOF	Cfvmof
J	J
WL	Wl
LZ	Lz
O	O
V	V
B	B
FY	Fy
BI	Bi
T	T
L	L
GLD	Gld
N	N
D	D
JV	Jv
LUL	Lul
N	N
K	K
AH	Ah
Z	Z
BSFT	Bsft
N	N
H	H
EV	Ev
LY	Ly
CA	Ca
AB	Ab
E	E
M	M
QLDTXKL	Qldtxkl
TB	Tb
D	D
W	W
YQ	Yq
CQ	Cq
PS	Ps
H	H
U	U
OB	Ob
K	K
R	R
UTJF	Utjf
BVZ	Bvz
LL	Ll
DQ	Dq
X	X
N	N
J	J
SX	Sx
RC	Rc
QPO	Qpo
D	D
G	G
K	K
O	O
RRO	Rro
YHW	Yhw
EP	Ep
EUO	Euo
B	B
D	D
P	P
J	J
WGTB	Wgtb
J	J
YWR	Ywr
HBSW	Hbsw
JKLR	Jklr
T	T
I	I
PG	Pg
ID	Id
O	O
N	N
W	W
J	J
GZ	Gz
P	P
EMF	Emf
Y	Y
KG	Kg
BPPQBPO	Bppqbpo
K	K
AK	Ak
Q	Q
BEB	Beb
MM	Mm
K	K
WB	Wb
ZI	Zi
Q	Q
YXEARR	Yxearr
ZDVFR	Zdvfr
ZFWDW	Zfwdw
OGE	Oge
SG	Sg
J	J
Z	Z
ZIN	Zin
OSYM	Osym
TX	Tx
KL	Kl
OAO	Oao
A	A
ZCHA	Zcha
V	V
D	D
AC	Ac
Q	Q
S	S
D	D
H	H
LJKQA	Ljkqa
SOAZRZRL	Soazrzrl
U	U
C	C
B	B
YNGC	Yngc
HYABZ	Hyabz
UIZ	Uiz
HF	Hf
I	I
V	V
WE	We
X	X
R	R
B	B
X	X
Z	Z
MRVC	Mrvc
TVR	Tvr
IVSH	Ivsh
SVIYYGMQT	Sviyygmqt
QL	Ql
QIL	Qil
YBW	Ybw
U	U
PG	Pg
ZZE	Zze
X	X
L	L
GF	Gf
N	N
IV	Iv
FUNC	Func
E	E
U	U
BO	Bo
NKH	Nkh
CBE	Cbe
O	O
EJ	Ej
IW	Iw
FF	Ff
CR	Cr
I	I
A	A
V	V
Y	Y
TNP	Tnp
RGHWN	Rghwn
L	L
Y	Y
L	L
WIN	Win
IMLIAX	Imliax
C	C
L	L
DUEI	Duei
W	W
R	R
GDODSP	Gdodsp
KQU	Kqu
UVI	Uvi
I	I
BF	Bf
WXBOLK	Wxbolk
N	N
KHSI	Khsi
FO	Fo
P	P
G	G
NOLKUO	Nolkuo
DRCG	Drcg
LCO	Lco
WM	Wm
SNCC	Sncc
GC	Gc
GM	Gm
BOAICFYT	Boaicfyt
TK	Tk
RBNCJ	Rbncj
NT	Nt
WY	Wy
T	T
GFWR	Gfwr
HMKMDK	Hmkmdk
ZSQ	Zsq
HB	Hb
J	J
OEL	Oel
E	E
Y	Y
LHT	Lht
T	T
V	V
P	P
Z	Z
A	A
V	V
ZU	Zu
O	O
BH	Bh
BG	Bg
IZJEEUH	Izjeeuh
Y	Y
WDB	Wdb
GX	Gx
LAT	Lat
B	B
Q	Q
HDXAFGLW	Hdxafglw
QI	Qi
W	W
S	S
OB	Ob
XJ	Xj
X	X
ZWHFJVFMJAS	Zwhfjvfmjas
TDLNLHX	Tdlnlhx
TJCXE	Tjcxe
P	P
L	L
T	T
F	F
DG	Dg
E	E
E	E
XJ	Xj
FQXO	Fqxo
R	R
W	W
Y	Y
Z	Z
N	N
D	D
R	R
T	T
N	N
MO	Mo
SHEMUETHCB	Shemuethcb
P	P
BZXF	Bzxf
AWSPPY	Awsppy
M	M
N	N
UTNFQP	Utnfqp
Q	Q
YDA	Yda
HU	Hu
GR	Gr
O	O
F	F
O	O
M	M
NQYS	Nqys
YK	Yk
C	C
T	T
L	L
TU	Tu
LCK	Lck
ZZUZ	Zzuz
S	S
K	K
J	J
YOA	Yoa
BM	Bm
R	R
QA	Qa
U	U
T	T
OC	Oc
NY	Ny
K	K
BY	By
W	W
QQZWFRFZI	Qqzwfrfzi
WS	Ws
NQW	Nqw
F	F
LXI	Lxi
M	M
L	L
Z	Z
G	G
CSV	Csv
GHK	Ghk
OWCM	Owcm
EYBF	Eybf
OSKWOJWIJHZUJGF	Oskwojwijhzujgf
H	H
B	B
RMMC	Rmmc
Q	Q
GJUI	Gjui
HH	Hh
U	U
P	P
KAV	Kav
M	M
VPMT	Vpmt
P	P
DJKU	Djku
OLL	Oll
G	G
V	V
VQHXU	Vqhxu
G	G
NX	Nx
WELHMQR	Welhmqr
A	A
WR	Wr
BK	Bk
T	T
U	U
D	D
YOGHK	Yoghk
MX	Mx
VEE	Vee
O	O
JP	Jp
OG	Og
WR	Wr
L	L
VQBAFGZ	Vqbafgz
RAZ	Raz
MAF	Maf
X	X
U	U
Z	Z
TBXAOCJJ	Tbxaocjj
NDPFPT	Ndpfpt
VJ	Vj
BIB	Bib
U	U
HLE	Hle
Y	Y
CWZDRQ	Cwzdrq
SKTDYY	Sktdyy
QN	Qn
QMQO	Qmqo
OWR	Owr
DHKRQV	Dhkrqv
A	A
H	H
E	E
HBPPBJYO	Hbppbjyo
QN	Qn
W	W
N	N
GN	Gn
K	K
TS	Ts
N	N
QB	Qb
L	L
SH	Sh
AGDT	Agdt
UPAS	Upas
V	V
Y	Y
GP	Gp
Q	Q
W	W
DGG	Dgg
ONGX	Ongx
N	N
A	A
D	D
G	G
IR	Ir
B	B
DZ	Dz
K	K
H	H
ZF	Zf
Z	Z
U	U
U	U
AS	As
W	W
F	F
L	L
SUQ	Suq
V	V
XKO	Xko
VX	Vx
CVI	Cvi
XWD	Xwd
PPE	Ppe
Q	Q
B	B
KZO	Kzo
J	J
MOD	Mod
C	C
CPB	Cpb
K	K
WK	Wk
G	G
KRCUAD	Krcuad
V	V
UF	Uf
IB	Ib
Q	Q
QKN	Qkn
FP	Fp
STXUV	Stxuv
MC	Mc
U	U
B	B
HOH	Hoh
OX	Ox
Y	Y
X	X
OJA	Oja
V	V
JD	Jd
P	P
K	K
SY	Sy
GIUEN	Giuen
C	C
N	N
T	T
XARW	Xarw
TR	Tr
GSO	Gso
ODG	Odg
DTO	Dto
GF	Gf
G	G
PCOHFP	Pcohfp
SV	Sv
SC	Sc
KGV	Kgv
SDHVNA	Sdhvna
PGK	Pgk
Q	Q
U	U
AAVGSX	Aavgsx
P	P
F	F
R	R
Z	Z
S	S
F	F
V	V
C	C
W	W
OQ	Oq
ZEVYB	Zevyb
TWL	Twl
DM	Dm
PQYMH	Pqymh
A	A
DE	De
EH	Eh
W	W
P	P
BAF	Baf
EXG	Exg
JJU	Jju
CQ	Cq
WD	Wd
I	I
ZYXOQ	Zyxoq
JK	Jk
V	V
RZXRTXS	Rzxrtxs
CU	Cu
I	I
XEQVJFKHYK	Xeqvjfkhyk
ZY	Zy
CL	Cl
TR	Tr
S	S
T	T
Y	Y
Y	Y
JYGDRG	Jygdrg
BZVXO	Bzvxo
A	A
SU	Su
BWGCPFA	Bwgcpfa
KT	Kt
ZMG	Zmg
R	R
A	A
H	H
LKCG	Lkcg
KOC	Koc
G	G
B	B
D	D
Z	Z
I	I
D	D
HSKLQ	Hsklq
HMTH	Hmth
KF	Kf
OVPWLZ	Ovpwlz
TY	Ty
MO	Mo
RZYGF	Rzygf
BP	Bp
IB	Ib
PA	Pa
WCXWMZ	Wcxwmz
Y	Y
ZJ	Zj
U	U
J	J
CHNBO	Chnbo
JC	Jc
T	T
NT	Nt
JBCSXT	Jbcsxt
MPAVVNP	Mpavvnp
OI	Oi
MQY	Mqy
C	C
FZTK	Fztk
H	H
RT	Rt
QO	Qo
RRASZ	Rrasz
R	R
P	P
JABTKGX	Jabtkgx
ROQ	Roq
KX	Kx
G	G
DQ	Dq
O	O
EM	Em
RU	Ru
JS	Js
O	O
W	W
R	R
M	M
WA	Wa
XWJIQSAO	Xwjiqsao
ZKDUWQ	Zkduwq
AK	Ak
AO	Ao
X	X
X	X
FPG	Fpg
GTL	Gtl
M	M
SGJPBIP	Sgjpbip
SLCQZ	Slcqz
GZILWIFB	Gzilwifb
H	H
YNN	Ynn
B	B
ZSCBOU	Zscbou
V	V
T	T
X	X
E	E
J	J
U	U
GYJT	Gyjt
UD	Ud
JT	Jt
JRKIEJ	Jrkiej
M	M
K	K
A	A
LUG	Lug
H	H
ANBGITVVKRZ	Anbgitvvkrz
BNPG	Bnpg
K	K
TTLIQ	Ttliq
CGCTR	Cgctr
JT	Jt
ILZK	Ilzk
IFM	Ifm
LZ	Lz
BNFF	Bnff
PWA	Pwa
ZMRXMZ	Zmrxmz
URXBWBBEPAIHP	Urxbwbbepaihp
MN	Mn
T	T
O	O
B	B
EWD	Ewd
GTTE	Gtte
FUQM	Fuqm
YQRHYDAFJ	Yqrhydafj
FAA	Faa
I	I
JSG	Jsg
H	H
R	R
F	F
CIM	Cim
F	F
ZSOKC	Zsokc
AC	Ac
ZWUH	Zwuh
XD	Xd
L	L
N	N
H	H
YR	Yr
N	N
KKJJ	Kkjj
QQJZ	Qqjz
KJ	Kj
TOC	Toc
XX	Xx
G	G
OBW	Obw
ZEC	Zec
M	M
XRFXI	Xrfxi
RQUFL	Rqufl
DX	Dx
SY	Sy
ECSDHYOKG	Ecsdhyokg
EO	Eo
A	A
UL	Ul
P	P
IJ	Ij
M	M
G	G
YQK	Yqk
FAHF	Fahf
H	H
GG	Gg
DQ	Dq
J	J
LCU	Lcu
Y	Y
LK	Lk
DVX	Dvx
EWK	Ewk
FTW	Ftw
SD	Sd
Y	Y
XPNW	Xpnw
AL	Al
Z	Z
TWO	Two
V	V
N	N
UPZZT	Upzzt
W	W
ZRESF	Zresf
SPVFVDFZ	Spvfvdfz
RKFV	Rkfv
D	D
UG	Ug
EBO	Ebo
ZNH	Znh
GW	Gw
BY	By
X	X
ZHZNHPVZZA	Zhznhpvzza
F	F
INQB	Inqb
D	D
QXI	Qxi
UT	Ut
WVWA	Wvwa
JUI	Jui
I	I
XCX	Xcx
YP	Yp
AWVW	Awvw
Y	Y
JXS	Jxs
SF	Sf
RH	Rh
F	F
C	C
R	R
HQ	Hq
D	D
OSABFJ	Osabfj
WM	Wm
VXR	Vxr
BMEZX	Bmezx
A	A
F	F
VDQE	Vdqe
JC	Jc
GA	Ga
VGMCYFA	Vgmcyfa
ZVJJ	Zvjj
USYKV	Usykv
CIDFNPPS	Cidfnpps
GXGP	Gxgp
CQWO	Cqwo
C	C
UZ	Uz
IMP	Imp
YK	Yk
U	U
EDMNZG	Edmnzg
C	C
Y	Y
KX	Kx
SE	Se
L	L
J	J
KEFZE	Kefze
EV	Ev
BNRZ	Bnrz
MC	Mc
DOJDE	Dojde
T	T
A	A
ZT	Zt
OTS	Ots
INO	Ino
ME	Me
KN	Kn
OFO	Ofo
CHPJUNB	Chpjunb
V	V
UJLKOEWT	Ujlkoewt
BD	Bd
H	H
VXCZINOXA	Vxczinoxa
TVJ	Tvj
RM	Rm
A	A
L	L
Z	Z
DOVM	Dovm
WML	Wml
FLJ	Flj
GCC	Gcc
ZCA	Zca
MS	Ms
C	C
O	O
VWWA	Vwwa
S	S
N	N
E	E
LA	La
R	R
UI	Ui
U	U
IB	Ib
U	U
GO	Go
TZ	Tz
YIA	Yia
Q	Q
U	U
GE	Ge
I	I
ACCLVGA	Acclvga
TL	Tl
BVGJJLBX	Bvgjjlbx
D	D
TZZEN	Tzzen
YX	Yx
N	N
O	O
PG	Pg
UHHHNTO	Uhhhnto
I	I
J	J
AH	Ah
JVZGDBBJ	Jvzgdbbj
G	G
L	L
PI	Pi
E	E
YKQ	Ykq
SATBUL	Satbul
P	P
VAHT	Vaht
KJMXHGA	Kjmxhga
U	U
FQD	Fqd
SM	Sm
W	W
J	J
HF	Hf
D	D
E	E
YERFU	Yerfu
J	J
KJG	Kjg
XUX	Xux
EJ	Ej
D	D
BRYL	Bryl
O	O
M	M
I	I
AN	An
ESYY	Esyy
U	U
DP	Dp
MCQB	Mcqb
CN	Cn
XOOW	Xoow
HFKGBB	Hfkgbb
Q	Q
U	U
LS	Ls
NSQ	Nsq
DHTVDY	Dhtvdy
VM	Vm
OURR	Ourr
VUF	Vuf
BN	Bn
IIMP	Iimp
DODRWJKEQ	Dodrwjkeq
Z	Z
IM	Im
TABWID	Tabwid
SL	Sl
N	N
M	M
HSAO	Hsao
IZ	Iz
JC	Jc
R	R
O	O
XL	Xl
Q	Q
LVM	Lvm
X	X
N	N
QZKD	Qzkd
X	X
UV	Uv
YGS	Ygs
YPNMGTBH	Ypnmgtbh
LAFPGJUQ	Lafpgjuq
N	N
X	X
W	W
Z	Z
G	G
VYY	Vyy
V	V
NZGOBS	Nzgobs
Q	Q
Q	Q
B	B
Z	Z
JTR	Jtr
FU	Fu
J	J
RBP	Rbp
F	F
VR	Vr
M	M
H	H
PO	Po
DQI	Dqi
DDM	Ddm
AH	Ah
FH	Fh
O	O
TBC	Tbc
RDVR	Rdvr
IC	Ic
G	G
XG	Xg
AMOD	Amod
QL	Ql
NBJ	Nbj
TH	Th
MKRE	Mkre
WRRT	Wrrt
TGALDW	Tgaldw
S	S
ZRANPQIXRVDX	Zranpqixrvdx
SY	Sy
P	P
LB	Lb
ABFY	Abfy
D	D
ZOP	Zop
I	I
DH	Dh
DF	Df
P	P
F	F
S	S
XSAHA	Xsaha
IS	Is
RG	Rg
GY	Gy
DMGJ	Dmgj
JA	Ja
CP	Cp
YL	Yl
C	C
LW	Lw
BN	Bn
H	H
A	A
WNFR	Wnfr
SQMYRDC	Sqmyrdc
PQ	Pq
YUM	Yum
NAPPUVBPTWI	Nappuvbptwi
TAEAFIAX	Taeafiax
B	B
VLBWZ	Vlbwz
LXB	Lxb
N	N
DF	Df
DCESEVSG	Dcesevsg
N	N
G	G
GID	Gid
E	E
ND	Nd
AJ	Aj
J	J
MZWIKZ	Mzwikz
HKVM	Hkvm
MZS	Mzs
K	K
UY	Uy
Y	Y
T	T
RHI	Rhi
I	I
QCE	Qce
NL	Nl
H	H
RO	Ro
I	I
J	J
HLHZ	Hlhz
MBSDYHLS	Mbsdyhls
R	R
Q	Q
CH	Ch
NM	Nm
TTGHI	Ttghi
PQ	Pq
U	U
GJE	Gje
QGMLS	Qgmls
VGDDR	Vgddr
TP	Tp
E	E
R	R
M	M
E	E
QLN	Qln
CVZNM	Cvznm
HG	Hg
V	V
VQWR	Vqwr
PRY	Pry
S	S
YK	Yk
DA	Da
YWBBMOU	Ywbbmou
D	D
X	X
G	G
H	H
CC	Cc
MJG	Mjg
AFCU	Afcu
GD	Gd
X	X
FIPJ	Fipj
Z	Z
UBFA	Ubfa
SS	Ss
GGZ	Ggz
HNA	Hna
K	K
DH	Dh
O	O
OK	Ok
H	H
J	J
ZY	Zy
V	V
N	N
KJKLAY	Kjklay
H	H
AB	Ab
R	R
E	E
RKFX	Rkfx
L	L
HB	Hb
Q	Q
O	O
H	H
URU	Uru
FOJ	Foj
DWEXV	Dwexv
V	V
ILW	Ilw
NIM	Nim
KG	Kg
O	O
MUEOF	Mueof
L	L
TPRBN	Tprbn
I	I
DZAIVIDWH	Dzaividwh
PPMR	Ppmr
NMS	Nms
BUGJ	Bugj
U	U
YO	Yo
A	A
BB	Bb
OMM	Omm
N	N
N	N
QF	Qf
FNT	Fnt
IRGD	Irgd
I	I
AU	Au
A	A
W	W
WS	Ws
C	C
L	L
BPA	Bpa
XWMRO	Xwmro
UDBP	Udbp
POEXNPAC	Poexnpac
D	D
R	R
UQKT	Uqkt
J	J
MW	Mw
DUSUCRW	Dusucrw
MM	Mm
UQJFUV	Uqjfuv
EGX	Egx
LQS	Lqs
GNW	Gnw
X	X
N	N
WF	Wf
YM	Ym
MBG	Mbg
YFPY	Yfpy
AFW	Afw
KT	Kt
MJU	Mju
BV	Bv
ACSEK	Acsek
S	S
E	E
LGKKJN	Lgkkjn
YLK	Ylk
WFP	Wfp
K	K
XFU	Xfu
WNRORUM	Wnrorum
X	X
CLI	Cli
DZ	Dz
YR	Yr
YL	Yl
MDI	Mdi
O	O
VI	Vi
T	T
E	E
E	E
TRXXC	Trxxc
FS	Fs
S	S
P	P
ZS	Zs
A	A
I	I
I	I
V	V
R	R
C	C
VTX	Vtx
AHABR	Ahabr
SD	Sd
X	X
DIC	Dic
R	R
P	P
JE	Je
TEMUOP	Temuop
Z	Z
DUA	Dua
A	A
PB	Pb
DZNEVVR	Dznevvr
M	M
Q	Q
R	R
VI	Vi
F	F
W	W
TUUWS	Tuuws
M	M
LZ	Lz
J	J
KA	Ka
GHGJQ	Ghgjq
WDQPV	Wdqpv
XMA	Xma
KNJ	Knj
G	G
O	O
KXEI	Kxei
RI	Ri
ORJAGB	Orjagb
Q	Q
TSE	Tse
Z	Z
US	Us
VFWN	Vfwn
BCG	Bcg
XF	Xf
AZMDVTTYZXI	Azmdvttyzxi
IZRQSVK	Izrqsvk
DHTYF	Dhtyf
GU	Gu
GSE	Gse
M	M
WO	Wo
H	H
BHROGNUJRR	Bhrognujrr
ZIWOY	Ziwoy
V	V
SD	Sd
DVQ	Dvq
Y	Y
PHEOQGY	Pheoqgy
C	C
Y	Y
S	S
C	C
ZZ	Zz
O	O
VF	Vf
LH	Lh
NL	Nl
X	X
FX	Fx
HUSWC	Huswc
M	M
ZJL	Zjl
ZFP	Zfp
L	L
G	G
QBB	Qbb
M	M
NCLU	Nclu
R	R
K	K
GBGNZXGR	Gbgnzxgr
L	L
XX	Xx
K	K
MY	My
G	G
JG	Jg
M	M
ZC	Zc
KIR	Kir
X	X
V	V
EBTB	Ebtb
LQIMHHFA	Lqimhhfa
W	W
K	K
AI	Ai
GGTFEOQN	Ggtfeoqn
R	R
YLP	Ylp
XCQXAZBOCVLQZV	Xcqxazbocvlqzv
XTNCJYMT	Xtncjymt
F	F
LUVRBU	Luvrbu
S	S
L	L
V	V
OU	Ou
AWFCRX	Awfcrx
UKLG	Uklg
YM	Ym
R	R
GF	Gf
GME	Gme
O	O
NGJY	Ngjy
OD	Od
QD	Qd
BTTF	Bttf
OLOEQ	Oloeq
ZYDVEE	Zydvee
Z	Z
Q	Q
F	F
W	W
QOQ	Qoq
QZOG	Qzog
U	U
EL	El
NE	Ne
KCH	Kch
ZS	Zs
C	C
KQDA	Kqda
XUMVM	Xumvm
R	R
V	V
N	N
X	X
D	D
K	K
KU	Ku
U	U
M	M
KDV	Kdv
PEI	Pei
WMYHBP	Wmyhbp
T	T
VHAGF	Vhagf
OMHL	Omhl
D	D
C	C
CY	Cy
PX	Px
SQ	Sq
H	H
LK	Lk
U	U
OILCTSUZ	Oilctsuz
R	R
E	E
NGF	Ngf
BW	Bw
V	V
C	C
LM	Lm
YQ	Yq
Z	Z
B	B
JZY	Jzy
ES	Es
ULE	Ule
O	O
MWUL	Mwul
G	G
LY	Ly
Q	Q
N	N
HA	Ha
B	B
LN	Ln
J	J
AK	Ak
EHX	Ehx
YHRHOL	Yhrhol
A	A
XH	Xh
PHP	Php
E	E
M	M
CT	Ct
F	F
QSBGP	Qsbgp
J	J
VL	Vl
VF	Vf
CXSYN	Cxsyn
PMHL	Pmhl
ZT	Zt
L	L
L	L
NO	No
D	D
R	R
AZDL	Azdl
J	J
A	A
H	H
Q	Q
I	I
X	X
AWTKRP	Awtkrp
I	I
R	R
NS	Ns
AZTR	Aztr
XNS	Xns
CGAKNXH	Cgaknxh
CIC	Cic
T	T
ZAZZ	Zazz
GD	Gd
LXSK	Lxsk
T	T
US	Us
S	S
WRDGSPG	Wrdgspg
VL	Vl
DZON	Dzon
ISTT	Istt
M	M
E	E
F	F
PFTLNQ	Pftlnq
PWIYQ	Pwiyq
LGIXSP	Lgixsp
LMY	Lmy
DXO	Dxo
Z	Z
OJTKG	Ojtkg
PQAM	Pqam
BDPHTWQ	Bdphtwq
F	F
OU	Ou
YE	Ye
QYGT	Qygt
R	R
LRKX	Lrkx
HSO	Hso
CSBKF	Csbkf
WUV	Wuv
UG	Ug
RL	Rl
WZPO	Wzpo
U	U
P	P
QRP	Qrp
YNHKT	Ynhkt
GODJL	Godjl
N	N
O	O
L	L
UUQ	Uuq
W	W
C	C
I	I
HNQD	Hnqd
MFQH	Mfqh
RBQ	Rbq
A	A
RTJZTGCIFIEL	Rtjztgcifiel
P	P
RNINB	Rninb
EY	Ey
QUQKTVJKXWWHK	Quqktvjkxwwhk
ZMCW	Zmcw
SG	Sg
Y	Y
SEGP	Segp
BSH	Bsh
E	E
SKREXR	Skrexr
Q	Q
OGOD	Ogod
SDLO	Sdlo
P	P
H	H
ST	St
P	P
JF	Jf
B	B
F	F
J	J
UPOXUEWUA	Upoxuewua
WXP	Wxp
O	O
O	O
H	H
A	A
JQ	Jq
R	R
I	I
U	U
W	W
Y	Y
VGG	Vgg
AE	Ae
LSTSU	Lstsu
L	L
OMPYX	Ompyx
O	O
L	L
LN	Ln
HOY	Hoy
URCXOR	Urcxor
HY	Hy
IA	Ia
S	S
E	E
SU	Su
Y	Y
T	T
CCMBHHMBN	Ccmbhhmbn
KYA	Kya
KTO	Kto
MBKMG	Mbkmg
J	J
K	K
QLY	Qly
OH	Oh
G	G
IYI	Iyi
X	X
U	U
C	C
VVMVV	Vvmvv
IPEYSZTH	Ipeyszth
W	W
A	A
C	C
GOPGIXDJT	Gopgixdjt
DDKH	Ddkh
DY	Dy
Q	Q
CT	Ct
SGQ	Sgq
TJV	Tjv
V	V
OWIQ	Owiq
XNAKAZ	Xnakaz
DB	Db
BU	Bu
ZK	Zk
M	M
R	R
L	L
U	U
VOM	Vom
XX	Xx
F	F
CJJ	Cjj
QO	Qo
UUP	Uup
Y	Y
X	X
C	C
K	K
B	B
G	G
V	V
HH	Hh
WSPQ	Wspq
HSAZUHMI	Hsazuhmi
JYO	Jyo
G	G
JNGH	Jngh
UMU	Umu
J	J
G	G
DPRSS	Dprss
P	P
TC	Tc
SC	Sc
HNBXVXEG	Hnbxvxeg
BLL	Bll
N	N
C	C
N	N
L	L
MDH	Mdh
W	W
CPO	Cpo
VNB	Vnb
RVO	Rvo
A	A
W	W
B	B
Z	Z
RCRDFAH	Rcrdfah
T	T
X	X
A	A
Z	Z
NQZF	Nqzf
ENN	Enn
RE	Re
CZLB	Czlb
WNEOC	Wneoc
HWE	Hwe
A	A
L	L
VHB	Vhb
Z	Z
G	G
R	R
TM	Tm
Q	Q
S	S
UDL	Udl
GBYJZXIF	Gbyjzxif
R	R
P	P
M	M
OCJLBKUTSY	Ocjlbkutsy
QKXR	Qkxr
YSZ	Ysz
MQ	Mq
B	B
ZOFNZ	Zofnz
MXFEEZ	Mxfeez
WE	We
L	L
IORXA	Iorxa
VG	Vg
AL	Al
N	N
VGOIGHZE	Vgoighze
U	U
WGS	Wgs
J	J
S	S
T	T
EWW	Eww
GAXYC	Gaxyc
H	H
PW	Pw
N	N
N	N
DI	Di
LN	Ln
GGAD	Ggad
G	G
S	S
ZG	Zg
MI	Mi
SFWQYQD	Sfwqyqd
H	H
U	U
KPP	Kpp
ANHNPA	Anhnpa
GI	Gi
Q	Q
QCNR	Qcnr
QR	Qr
N	N
H	H
JMWHO	Jmwho
R	R
Q	Q
LI	Li
KZOL	Kzol
W	W
IR	Ir
KQ	Kq
X	X
SU	Su
R	R
DV	Dv
M	M
GC	Gc
D	D
TDA	Tda
O	O
BR	Br
MT	Mt
W	W
NB	Nb
BGNHP	Bgnhp
H	H
AVXY	Avxy
UQ	Uq
I	I
A	A
WIQI	Wiqi
J	J
S	S
H	H
K	K
B	B
SY	Sy
Z	Z
N	N
BC	Bc
C	C
ETEKC	Etekc
DVV	Dvv
FSTLRL	Fstlrl
CV	Cv
EVWFFWTJ	Evwffwtj
K	K
OD	Od
AWUSCF	Awuscf
U	U
DERY	Dery
LOO	Loo
R	R
ZAP	Zap
PLMPAG	Plmpag
Q	Q
O	O
IC	Ic
O	O
SFBRRFYSR	Sfbrrfysr
N	N
D	D
F	F
P	P
AA	Aa
VP	Vp
E	E
RVG	Rvg
BJQ	Bjq
ESJSJTB	Esjsjtb
V	V
EH	Eh
XPWH	Xpwh
TN	Tn
CDI	Cdi
M	M
Y	Y
EQWL	Eqwl
E	E
FWB	Fwb
X	X
DE	De
C	C
YWXB	Ywxb
AQZ	Aqz
YOD	Yod
ZVNPXRO	Zvnpxro
G	G
O	O
Y	Y
EAFMSZD	Eafmszd
LQ	Lq
TM	Tm
QT	Qt
X	X
YLD	Yld
NE	Ne
Q	Q
I	I
QZ	Qz
FZQ	Fzq
VQ	Vq
BNOBW	Bnobw
CBD	Cbd
WA	Wa
LXMI	Lxmi
V	V
R	R
Z	Z
XN	Xn
DGGJGM	Dggjgm
GSAH	Gsah
HLLA	Hlla
T	T
F	F
E	E
YV	Yv
M	M
AQZA	Aqza
Z	Z
IVI	Ivi
OQCQK	Oqcqk
XO	Xo
M	M
R	R
UC	Uc
Y	Y
PM	Pm
D	D
H	H
X	X
S	S
RJGWMOWZTR	Rjgwmowztr
KAZAQRHONBYXEL	Kazaqrhonbyxel
ZGYMLJ	Zgymlj
MN	Mn
MX	Mx
XVLQYGAL	Xvlqygal
E	E
BE	Be
S	S
E	E
JVGSWVGEA	Jvgswvgea
V	V
I	I
WUNDO	Wundo
RLTPS	Rltps
XTJZ	Xtjz
K	K
ID	Id
BWRH	Bwrh
J	J
R	R
VZ	Vz
NF	Nf
PVLXED	Pvlxed
QN	Qn
E	E
W	W
UZ	Uz
FXMM	Fxmm
OOK	Ook
XKRKJ	Xkrkj
DIU	Diu
J	J
IP	Ip
L	L
FKHWKLGIYZ	Fkhwklgiyz
V	V
PQTTFI	Pqttfi
OF	Of
T	T
KE	Ke
Z	Z
D	D
DH	Dh
KES	Kes
GK	Gk
UOXAR	Uoxar
U	U
HU	Hu
MD	Md
M	M
F	F
J	J
UBYQ	Ubyq
U	U
GES	Ges
JFXCZ	Jfxcz
FZMH	Fzmh
NHR	Nhr
U	U
J	J
IG	Ig
O	O
F	F
JDSAOAW	Jdsaoaw
Y	Y
Q	Q
SZPYIU	Szpyiu
KMBG	Kmbg
MSDTQ	Msdtq
WEBMT	Webmt
TW	Tw
U	U
DWHBWJAXWT	Dwhbwjaxwt
MF	Mf
S	S
TW	Tw
VT	Vt
BW	Bw
CJ	Cj
YPHYLMU	Yphylmu
O	O
ZPSCRKF	Zpscrkf
G	G
JY	Jy
U	U
S	S
KRQ	Krq
OIW	Oiw
O	O
II	Ii
R	R
W	W
AZBS	Azbs
J	J
AUF	Auf
FFJGS	Ffjgs
RK	Rk
S	S
CIVVDI	Civvdi
FUN	Fun
AK	Ak
QA	Qa
VAQHYK	Vaqhyk
RV	Rv
LQE	Lqe
C	C
M	M
K	K
QV	Qv
T	T
FOA	Foa
WES	Wes
XH	Xh
RMXKG	Rmxkg
B	B
YYLZ	Yylz
IYFUE	Iyfue
M	M
R	R
EE	Ee
V	V
MK	Mk
RJWP	Rjwp
YL	Yl
RJQU	Rjqu
J	J
K	K
Y	Y
IT	It
TSYKXA	Tsykxa
TCQQL	Tcqql
XBM	Xbm
ABHI	Abhi
BSQY	Bsqy
DGB	Dgb
Q	Q
ZU	Zu
AO	Ao
S	S
I	I
IM	Im
UJ	Uj
HH	Hh
FP	Fp
RVDP	Rvdp
W	W
Z	Z
GF	Gf
VYE	Vye
HQ	Hq
TV	Tv
K	K
JF	Jf
U	U
EEN	Een
MVLXWBATQRTVAXT	Mvlxwbatqrtvaxt
G	G
MI	Mi
PAT	Pat
ZMQEL	Zmqel
D	D
SK	Sk
QA	Qa
M	M
V	V
Y	Y
F	F
RZWK	Rzwk
JC	Jc
B	B
Q	Q
GYWTUHWXA	Gywtuhwxa
N	N
TGXXRTWQ	Tgxxrtwq
PST	Pst
C	C
CNIP	Cnip
UVTLC	Uvtlc
BRTZ	Brtz
R	R
KZBO	Kzbo
NBPB	Nbpb
ZY	Zy
P	P
RK	Rk
E	E
G	G
AZGEQI	Azgeqi
ZKH	Zkh
XSWXYV	Xswxyv
LMO	Lmo
OBA	Oba
UBNOJC	Ubnojc
XM	Xm
N	N
N	N
T	T
BFY	Bfy
H	H
WPY	Wpy
BLZGO	Blzgo
G	G
VFGLDB	Vfgldb
P	P
KIMLU	Kimlu
TCD	Tcd
TR	Tr
L	L
SKZ	Skz
ZQCIQLQ	Zqciqlq
K	K
LDD	Ldd
ZXB	Zxb
LGJ	Lgj
FHMJF	Fhmjf
J	J
X	X
RVF	Rvf
YCP	Ycp
UL	Ul
P	P
E	E
MC	Mc
SNEDQ	Snedq
EK	Ek
SRUUF	Sruuf
WKX	Wkx
FKQ	Fkq
FF	Ff
MW	Mw
C	C
G	G
Q	Q
L	L
U	U
T	T
BZVCTKGNB	Bzvctkgnb
FA	Fa
WVHQWM	Wvhqwm
XV	Xv
EFYGU	Efygu
D	D
R	R
SXKV	Sxkv
WXSSTU	Wxsstu
T	T
USO	Uso
XWR	Xwr
SIQUHHU	Siquhhu
F	F
K	K
U	U
OE	Oe
KGK	Kgk
XS	Xs
PR	Pr
UO	Uo
GO	Go
WJ	Wj
L	L
VCP	Vcp
J	J
K	K
VS	Vs
Y	Y
B	B
KSCAM	Kscam
B	B
H	H
HAJU	Haju
NOMK	Nomk
N	N
Y	Y
GRO	Gro
LNE	Lne
BI	Bi
GFOWCGIV	Gfowcgiv
OKK	Okk
DRD	Drd
V	V
PO	Po
NZUHSV	Nzuhsv
FAMQPOOTODADVFK	Famqpootodadvfk
WVS	Wvs
Y	Y
CALUNB	Calunb
L	L
HEGIQUD	Hegiqud
P	P
MAQQ	Maqq
PMX	Pmx
MPQHIZ	Mpqhiz
PBF	Pbf
AIG	Aig
T	T
FZZ	Fzz
E	E
S	S
JRB	Jrb
E	E
RF	Rf
MYVGU	Myvgu
S	S
X	X
SOA	Soa
WHH	Whh
C	C
ODBT	Odbt
HQ	Hq
Z	Z
VNM	Vnm
WBWWX	Wbwwx
ZLQY	Zlqy
WHBJ	Whbj
LR	Lr
U	U
K	K
UE	Ue
KS	Ks
WGFYOFZCCDR	Wgfyofzccdr
G	G
U	U
P	P
I	I
L	L
Z	Z
K	K
B	B
BK	Bk
FES	Fes
P	P
EBKQ	Ebkq
QMINRV	Qminrv
G	G
VO	Vo
A	A
QJQ	Qjq
ANDM	Andm
YVYGIS	Yvygis
S	S
ZWVX	Zwvx
R	R
XY	Xy
I	I
E	E
SL	Sl
QZI	Qzi
Q	Q
E	E
KB	Kb
K	K
GRMWLLROE	Grmwllroe
O	O
MW	Mw
SNZ	Snz
G	G
Q	Q
Q	Q
P	P
JW	Jw
A	A
P	P
CD	Cd
RZ	Rz
V	V
M	M
EVHO	Evho
R	R
E	E
DJ	Dj
FOGG	Fogg
P	P
JKEB	Jkeb
H	H
OH	Oh
I	I
D	D
RJD	Rjd
TU	Tu
IZAOY	Izaoy
FG	Fg
W	W
I	I
G	G
QDRS	Qdrs
PJV	Pjv
PIV	Piv
MHUS	Mhus
Z	Z
U	U
V	V
AR	Ar
LS	Ls
SYB	Syb
IF	If
RN	Rn
ESM	Esm
S	S
X	X
XHBBRV	Xhbbrv
FIEAUMF	Fieaumf
A	A
FMOLAJ	Fmolaj
I	I
W	W
TAV	Tav
WTK	Wtk
U	U
SW	Sw
BAE	Bae
H	H
C	C
UUCQQQ	Uucqqq
WW	Ww
K	K
LG	Lg
K	K
JESAZMA	Jesazma
LVY	Lvy
BYUBTTUM	Byubttum
W	W
M	M
EH	Eh
SSW	Ssw
AA	Aa
O	O
YDRTF	Ydrtf
UOEURBN	Uoeurbn
Z	Z
EJ	Ej
JT	Jt
SARBM	Sarbm
QV	Qv
DLY	Dly
DA	Da
WUBX	Wubx
MA	Ma
E	E
NSQY	Nsqy
SL	Sl
T	T
D	D
IQU	Iqu
VV	Vv
A	A
JA	Ja
W	W
LXUSYKR	Lxusykr
F	F
LFE	Lfe
K	K
SZD	Szd
HNAAFL	Hnaafl
Z	Z
XVDT	Xvdt
K	K
U	U
JDS	Jds
A	A
Y	Y
GTCAR	Gtcar
HD	Hd
M	M
FRO	Fro
Q	Q
KSPS	Ksps
H	H
S	S
GX	Gx
Z	Z
F	F
OMA	Oma
XEEDN	Xeedn
CKO	Cko
LA	La
PO	Po
TPJVAB	Tpjvab
RGVN	Rgvn
VG	Vg
SWPE	Swpe
R	R
SYHI	Syhi
TMHY	Tmhy
I	I
P	P
CH	Ch
UA	Ua
M	M
FZS	Fzs
W	W
JJK	Jjk
ZSE	Zse
FJH	Fjh
TS	Ts
S	S
UX	Ux
Z	Z
GEJY	Gejy
C	C
IQX	Iqx
S	S
EGQX	Egqx
K	K
O	O
GG	Gg
ZN	Zn
B	B
UKTI	Ukti
XHD	Xhd
JY	Jy
A	A
I	I
E	E
OWC	Owc
ARM	Arm
T	T
EC	Ec
GXSQ	Gxsq
GCSHQ	Gcshq
LMB	Lmb
VL	Vl
L	L
JRPLOB	Jrplob
LNF	Lnf
LGOX	Lgox
E	E
HY	Hy
ZWHFVXW	Zwhfvxw
JHJQUQSF	Jhjquqsf
GMRTOF	Gmrtof
GFOBWVEPXC	Gfobwvepxc
JNA	Jna
P	P
DLGKYI	Dlgkyi
BGPVING	Bgpving
H	H
PWCDWR	Pwcdwr
IK	Ik
TTCT	Ttct
GLNOI	Glnoi
P	P
FB	Fb
GXRQ	Gxrq
FPM	Fpm
UIZG	Uizg
YVY	Yvy
JIZW	Jizw
ONT	Ont
CX	Cx
JHXH	Jhxh
MPG	Mpg
R	R
ONS	Ons
TBM	Tbm
B	B
OQHJOR	Oqhjor
Q	Q
N	N
NSO	Nso
YSQK	Ysqk
FZW	Fzw
LT	Lt
B	B
Z	Z
AAY	Aay
IGL	Igl
B	B
NY	Ny
JT	Jt
U	U
A	A
IRHNJ	Irhnj
M	M
JFS	Jfs
HDWHGAPW	Hdwhgapw
RQZ	Rqz
QEF	Qef
A	A
CL	Cl
JUGW	Jugw
QHID	Qhid
WIOHSL	Wiohsl
SPQIMW	Spqimw
OR	Or
WU	Wu
ZT	Zt
IIMNT	Iimnt
L	L
E	E
VALRZ	Valrz
L	L
JDMWQEN	Jdmwqen
A	A
VII	Vii
KPG	Kpg
EYFHA	Eyfha
XOLU	Xolu
GUJ	Guj
ECEA	Ecea
ZUKAUS	Zukaus
OT	Ot
QDKZ	Qdkz
TU	Tu
KDR	Kdr
L	L
HG	Hg
C	C
UOYO	Uoyo
UHKGHAI	Uhkghai
K	K
F	F
OF	Of
SA	Sa
SBOIS	Sbois
C	C
Y	Y
G	G
E	E
CC	Cc
J	J
VEHV	Vehv
YRXY	Yrxy
I	I
FA	Fa
A	A
Y	Y
G	G
E	E
PD	Pd
AL	Al
U	U
HV	Hv
K	K
R	R
QWO	Qwo
T	T
X	X
HU	Hu
CAHB	Cahb
HF	Hf
ALU	Alu
PGDOC	Pgdoc
D	D
A	A
TJQJHRKIKKLKSTSS	Tjqjhrkikklkstss
QX	Qx
WPR	Wpr
IZLB	Izlb
FL	Fl
YKY	Yky
M	M
U	U
TW	Tw
P	P
U	U
ZW	Zw
H	H
I	I
N	N
Z	Z
U	U
G	G
SIAQEALHRKOPX	Siaqealhrkopx
A	A
KW	Kw
MP	Mp
CJP	Cjp
KTMD	Ktmd
H	H
GA	Ga
W	W
AAQ	Aaq
DB	Db
TU	Tu
DSX	Dsx
W	W
T	T
XH	Xh
NFEB	Nfeb
NLEN	Nlen
U	U
QUFLLUDQ	Quflludq
ABHB	Abhb
JZU	Jzu
VJ	Vj
S	S
TP	Tp
ZX	Zx
NHZ	Nhz
SM	Sm
XK	Xk
SW	Sw
G	G
EMJIB	Emjib
CXJ	Cxj
IF	If
AVS	Avs
VQ	Vq
S	S
FYMDCU	Fymdcu
ISU	Isu
BI	Bi
TXI	Txi
PMX	Pmx
UDCUJDSZZC	Udcujdszzc
SRGEZTB	Srgeztb
U	U
YBPYZ	Ybpyz
MADA	Mada
NZZ	Nzz
R	R
S	S
VC	Vc
U	U
LO	Lo
UY	Uy
YVOFWPPIFSMLB	Yvofwppifsmlb
XU	Xu
D	D
QF	Qf
B	B
H	H
J	J
DXUVHS	Dxuvhs
LKL	Lkl
C	C
V	V
CQ	Cq
LKCQ	Lkcq
TK	Tk
J	J
FMFCO	Fmfco
NK	Nk
HQ	Hq
Q	Q
PNWY	Pnwy
RG	Rg
X	X
L	L
IEBN	Iebn
E	E
O	O
P	P
R	R
CGBK	Cgbk
Y	Y
WO	Wo
TN	Tn
HDL	Hdl
V	V
AHVU	Ahvu
RPWIGYU	Rpwigyu
B	B
CADWZQS	Cadwzqs
J	J
N	N
HXI	Hxi
A	A
NQ	Nq
F	F
UIC	Uic
QDU	Qdu
XAQA	Xaqa
WJ	Wj
TK	Tk
G	G
G	G
E	E
A	A
FR	Fr
OOE	Ooe
JRXA	Jrxa
NO	No
L	L
QLUTHBX	Qluthbx
VIYTV	Viytv
WM	Wm
K	K
B	B
BVEM	Bvem
UFJ	Ufj
NS	Ns
J	J
D	D
UDI	Udi
SXN	Sxn
Q	Q
UZP	Uzp
I	I
NOZ	Noz
SM	Sm
OHHR	Ohhr
H	H
YQ	Yq
U	U
UADJJS	Uadjjs
RBAD	Rbad
AL	Al
VE	Ve
TOO	Too
VZ	Vz
S	S
TE	Te
X	X
JFV	Jfv
CAYUQPG	Cayuqpg
E	E
C	C
G	G
I	I
LV	Lv
CV	Cv
J	J
OQ	Oq
ARXEPA	Arxepa
DM	Dm
YB	Yb
FW	Fw
LI	Li
DA	Da
UUS	Uus
T	T
H	H
LH	Lh
M	M
E	E
M	M
O	O
UKIWW	Ukiww
U	U
VSGZI	Vsgzi
P	P
FO	Fo
ARW	Arw
IR	Ir
Y	Y
L	L
BU	Bu
PM	Pm
AEIU	Aeiu
HZT	Hzt
CW	Cw
YY	Yy
VQHV	Vqhv
MWF	Mwf
XCUBAJ	Xcubaj
LXHQP	Lxhqp
AKA	Aka
YV	Yv
Q	Q
U	U
BLY	Bly
Q	Q
QVZC	Qvzc
QHC	Qhc
YW	Yw
YOZ	Yoz
ROD	Rod
JG	Jg
R	R
ISTCFRZVU	Istcfrzvu
YG	Yg
MS	Ms
F	F
D	D
TN	Tn
ME	Me
ZK	Zk
FBGXS	Fbgxs
E	E
ZU	Zu
KE	Ke
T	T
IP	Ip
WCNX	Wcnx
M	M
NSWH	Nswh
U	U
V	V
Y	Y
Z	Z
W	W
TM	Tm
J	J
ANX	Anx
ETRMFXP	Etrmfxp
P	P
KLSYD	Klsyd
QSY	Qsy
AHLQ	Ahlq
WPATEQZEUVR	Wpateqzeuvr
TQE	Tqe
DZK	Dzk
TEZ	Tez
IC	Ic
KAEOCK	Kaeock
ZC	Zc
RO	Ro
AFY	Afy
HC	Hc
H	H
ZL	Zl
C	C
REYQG	Reyqg
AN	An
ES	Es
BY	By
L	L
OVX	Ovx
JG	Jg
KTC	Ktc
WK	Wk
L	L
PKLA	Pkla
VRFNPAL	Vrfnpal
PQKG	Pqkg
EVTC	Evtc
ZR	Zr
I	I
IFIR	Ifir
LR	Lr
AUT	Aut
QRZGCIDNF	Qrzgcidnf
LZFNSEY	Lzfnsey
IRNH	Irnh
J	J
IWKV	Iwkv
QS	Qs
Q	Q
HOFRCPZ	Hofrcpz
PK	Pk
XDM	Xdm
S	S
S	S
ZVB	Zvb
SN	Sn
QNR	Qnr
QZ	Qz
A	A
QEWB	Qewb
PNBCO	Pnbco
C	C
YX	Yx
LLFSUF	Llfsuf
HX	Hx
OJ	Oj
ZW	Zw
LLVGHMQ	Llvghmq
L	L
FJ	Fj
AQEU	Aqeu
GTSNMABZ	Gtsnmabz
VJZZAL	Vjzzal
BTLHC	Btlhc
HXZX	Hxzx
Z	Z
U	U
TRL	Trl
N	N
Q	Q
EMQMGM	Emqmgm
JV	Jv
CWPPE	Cwppe
K	K
RJGH	Rjgh
S	S
ZN	Zn
M	M
K	K
V	V
ZJZ	Zjz
TW	Tw
KS	Ks
NE	Ne
JPUMUW	Jpumuw
O	O
LZR	Lzr
FO	Fo
HGP	Hgp
VX	Vx
A	A
B	B
D	D
Q	Q
UXZER	Uxzer
TVII	Tvii
KUG	Kug
VA	Va
ACAQJ	Acaqj
CJG	Cjg
FF	Ff
L	L
P	P
PH	Ph
RB	Rb
N	N
MDFN	Mdfn
DHJ	Dhj
D	D
O	O
P	P
UA	Ua
ZIBKDORQQTBVQH	Zibkdorqqtbvqh
ZM	Zm
ZDHUJBLJZ	Zdhujbljz
C	C
VYHAGXVKWUD	Vyhagxvkwud
AMONGACMK	Amongacmk
MJ	Mj
RE	Re
G	G
ZEI	Zei
QF	Qf
IZP	Izp
ON	On
YCK	Yck
SU	Su
SVAZOCL	Svazocl
M	M
NC	Nc
A	A
PT	Pt
Y	Y
G	G
T	T
MC	Mc
JPGXOA	Jpgxoa
HEN	Hen
K	K
SX	Sx
Y	Y
WN	Wn
JFSCUUUTM	Jfscuuutm
KRE	Kre
RIQ	Riq
J	J
A	A
NFUIW	Nfuiw
Y	Y
W	W
M	M
U	U
FQSGHM	Fqsghm
NR	Nr
TZN	Tzn
FUJ	Fuj
VA	Va
AC	Ac
S	S
AQ	Aq
RR	Rr
THF	Thf
SBL	Sbl
RX	Rx
NY	Ny
U	U
EH	Eh
L	L
T	T
O	O
B	B
BF	Bf
K	K
OBTFNJZD	Obtfnjzd
K	K
K	K
AW	Aw
J	J
QW	Qw
F	F
I	I
X	X
JSHX	Jshx
W	W
KXL	Kxl
MT	Mt
UU	Uu
M	M
Z	Z
WOPYZ	Wopyz
IM	Im
H	H
Y	Y
ALJJ	Aljj
S	S
NEAB	Neab
A	A
U	U
GENLAM	Genlam
G	G
C	C
HDCL	Hdcl
E	E
O	O
W	W
H	H
DW	Dw
JWFZ	Jwfz
NT	Nt
G	G
ULBFTXSH	Ulbftxsh
NMA	Nma
D	D
A	A
JU	Ju
PCQ	Pcq
WA	Wa
YQDLS	Yqdls
Z	Z
V	V
E	E
E	E
ZTD	Ztd
LHD	Lhd
CQZDNN	Cqzdnn
RP	Rp
L	L
LATJ	Latj
F	F
PT	Pt
M	M
YPKQDE	Ypkqde
T	T
R	R
Y	Y
B	B
UJ	Uj
D	D
LF	Lf
AJIU	Ajiu
X	X
O	O
GUNWA	Gunwa
DH	Dh
B	B
OVPU	Ovpu
OK	Ok
O	O
ZR	Zr
DWU	Dwu
O	O
C	C
QH	Qh
WC	Wc
Y	Y
R	R
M	M
DSMHL	Dsmhl
Z	Z
POVH	Povh
K	K
U	U
WOCKEPZKO	Wockepzko
F	F
BU	Bu
CF	Cf
OQ	Oq
V	V
D	D
G	G
Z	Z
FON	Fon
LCOW	Lcow
RH	Rh
KYS	Kys
HSD	Hsd
VFMRB	Vfmrb
TQ	Tq
NCDPRB	Ncdprb
MNOINK	Mnoink
OVB	Ovb
V	V
ZZJ	Zzj
PQ	Pq
BX	Bx
Q	Q
S	S
P	P
RXF	Rxf
E	E
RBO	Rbo
QLPOV	Qlpov
KCEVAS	Kcevas
T	T
LQWWUT	Lqwwut
GXKQ	Gxkq
ILF	Ilf
JOCXJ	Jocxj
N	N
QKW	Qkw
IW	Iw
N	N
LXQKR	Lxqkr
R	R
GKCL	Gkcl
Z	Z
XQJK	Xqjk
THN	Thn
AZPRUJF	Azprujf
HJ	Hj
J	J
XRTWKSVRM	Xrtwksvrm
TQ	Tq
G	G
HRTNR	Hrtnr
LSFCZO	Lsfczo
UNLZQKOU	Unlzqkou
MX	Mx
IIIF	Iiif
G	G
A	A
E	E
CP	Cp
LHPJF	Lhpjf
J	J
XOX	Xox
KGGQPC	Kggqpc
V	V
RB	Rb
NWRYV	Nwryv
G	G
OEMB	Oemb
U	U
LCH	Lch
IPFE	Ipfe
W	W
T	T
KECWTZLY	Kecwtzly
AEXKH	Aexkh
C	C
FV	Fv
SR	Sr
K	K
P	P
YIJFL	Yijfl
I	I
I	I
TK	Tk
W	W
D	D
VRXXQW	Vrxxqw
H	H
K	K
HHTXSLZ	Hhtxslz
XEB	Xeb
Y	Y
GWS	Gws
SY	Sy
BYJZX	Byjzx
VSH	Vsh
IBHK	Ibhk
G	G
YNYLHVWE	Ynylhvwe
LW	Lw
N	N
RV	Rv
QQ	Qq
LB	Lb
SL	Sl
H	H
YO	Yo
NU	Nu
KYN	Kyn
T	T
FQECKJ	Fqeckj
S	S
EL	El
YA	Ya
BLQXG	Blqxg
M	M
U	U
EBGBJV	Ebgbjv
CKLQ	Cklq
ZG	Zg
RJ	Rj
C	C
SIYHUL	Siyhul
ZVLM	Zvlm
AIAZCLFKSP	Aiazclfksp
TS	Ts
S	S
M	M
XRCQC	Xrcqc
DFY	Dfy
PN	Pn
VKTVTP	Vktvtp
V	V
VDMF	Vdmf
ZT	Zt
RD	Rd
S	S
E	E
Z	Z
E	E
F	F
AAV	Aav
KJ	Kj
K	K
I	I
NO	No
UMQIQYX	Umqiqyx
XC	Xc
R	R
T	T
MKA	Mka
SJULWX	Sjulwx
JP	Jp
TKQK	Tkqk
VLF	Vlf
K	K
LWN	Lwn
R	R
VN	Vn
OY	Oy
J	J
A	A
PMP	Pmp
KW	Kw
TKKK	Tkkk
P	P
X	X
I	I
V	V
KQF	Kqf
FKG	Fkg
XB	Xb
A	A
Z	Z
A	A
W	W
PYWF	Pywf
ME	Me
E	E
HKSI	Hksi
LE	Le
I	I
Z	Z
CM	Cm
Q	Q
ED	Ed
O	O
X	X
BK	Bk
WDDBUW	Wddbuw
D	D
Y	Y
C	C
D	D
BH	Bh
R	R
FBHV	Fbhv
CMP	Cmp
CHG	Chg
EIV	Eiv
MW	Mw
GM	Gm
JFYDUOOBMD	Jfyduoobmd
I	I
FA	Fa
K	K
O	O
KMRHL	Kmrhl
LWPZ	Lwpz
TU	Tu
Q	Q
X	X
HYBWMXXPXSI	Hybwmxxpxsi
VVGNIP	Vvgnip
HD	Hd
NB	Nb
S	S
V	V
JVMAOL	Jvmaol
A	A
WD	Wd
SOJ	Soj
OP	Op
G	G
KNG	Kng
GKJ	Gkj
AHWWPI	Ahwwpi
QCA	Qca
N	N
IB	Ib
RD	Rd
SHC	Shc
S	S
C	C
NO	No
Q	Q
GL	Gl
WR	Wr
BF	Bf
UBKTLPFOU	Ubktlpfou
KOMVG	Komvg
HG	Hg
QH	Qh
YYDTY	Yydty
JVP	Jvp
J	J
OL	Ol
WAX	Wax
D	D
AZG	Azg
Z	Z
EEDPBJB	Eedpbjb
G	G
QI	Qi
NIFN	Nifn
G	G
N	N
WE	We
O	O
MWV	Mwv
CVIYRXTE	Cviyrxte
RAUXAIBTAH	Rauxaibtah
Z	Z
SBU	Sbu
D	D
PGCCD	Pgccd
UU	Uu
EFT	Eft
L	L
NE	Ne
YRGX	Yrgx
IF	If
Q	Q
SW	Sw
PSNGZT	Psngzt
HF	Hf
X	X
GFMZVM	Gfmzvm
TN	Tn
D	D
ZZRC	Zzrc
PX	Px
D	D
KLH	Klh
J	J
MNN	Mnn
T	T
LNW	Lnw
OG	Og
OW	Ow
DB	Db
ZK	Zk
XK	Xk
QRA	Qra
BC	Bc
TMQY	Tmqy
V	V
A	A
EF	Ef
G	G
EBHO	Ebho
AVZ	Avz
E	E
E	E
U	U
QPVZPJQ	Qpvzpjq
LW	Lw
RD	Rd
CL	Cl
EBVYT	Ebvyt
CQ	Cq
YIYUEDNIC	Yiyuednic
S	S
E	E
NFKWV	Nfkwv
KSYC	Ksyc
COGQC	Cogqc
J	J
HB	Hb
PM	Pm
R	R
AZG	Azg
CNLAP	Cnlap
L	L
U	U
AE	Ae
YTDQ	Ytdq
TIKDK	Tikdk
NM	Nm
SA	Sa
NH	Nh
BJ	Bj
Y	Y
GV	Gv
J	J
DI	Di
Z	Z
V	V
U	U
SKVT	Skvt
C	C
KOXMZ	Koxmz
K	K
DW	Dw
Y	Y
V	V
TA	Ta
ON	On
T	T
V	V
QO	Qo
NRDXJC	Nrdxjc
XMY	Xmy
U	U
PJHKWQZLQ	Pjhkwqzlq
GK	Gk
HCRJ	Hcrj
I	I
MZYF	Mzyf
GIZLQT	Gizlqt
LPK	Lpk
ZU	Zu
HLK	Hlk
EWG	Ewg
Q	Q
D	D
BJ	Bj
N	N
UO	Uo
DW	Dw
Z	Z
VRIRYG	Vriryg
WZQ	Wzq
O	O
X	X
XJ	Xj
ZHFZZKTEWMUOW	Zhfzzktewmuow
LM	Lm
S	S
FW	Fw
ARTKXRYJM	Artkxryjm
ZQJV	Zqjv
V	V
A	A
G	G
T	T
YO	Yo
M	M
LR	Lr
IV	Iv
S	S
UAJLW	Uajlw
FEN	Fen
G	G
HK	Hk
QQ	Qq
E	E
LMA	Lma
ECQOY	Ecqoy
OV	Ov
T	T
CZAIUWUCF	Czaiuwucf
MEWUNT	Mewunt
L	L
YVDPZUEIUS	Yvdpzueius
CW	Cw
CD	Cd
YAJGPDE	Yajgpde
TL	Tl
XZ	Xz
OSNS	Osns
LWRBS	Lwrbs
JHI	Jhi
R	R
JSGT	Jsgt
LYVJBZ	Lyvjbz
LNSKI	Lnski
W	W
TNKT	Tnkt
VKZUSNRMCNO	Vkzusnrmcno
CZ	Cz
RV	Rv
VOQR	Voqr
QRLW	Qrlw
BSV	Bsv
BK	Bk
LLW	Llw
UF	Uf
AU	Au
H	H
V	V
PCDQ	Pcdq
G	G
L	L
H	H
QS	Qs
T	T
GVZ	Gvz
D	D
TPQBHHE	Tpqbhhe
CPNM	Cpnm
RW	Rw
NB	Nb
AJ	Aj
OJS	Ojs
J	J
IHY	Ihy
WVUKVAY	Wvukvay
IQJK	Iqjk
WFINM	Wfinm
DT	Dt
E	E
C	C
H	H
UXFSQ	Uxfsq
GV	Gv
DHWO	Dhwo
NHI	Nhi
S	S
YH	Yh
E	E
LDR	Ldr
OR	Or
MP	Mp
SZN	Szn
V	V
Y	Y
DRW	Drw
JDNB	Jdnb
PQM	Pqm
I	I
QPBDK	Qpbdk
GF	Gf
YYNLL	Yynll
ON	On
MX	Mx
MPYFOGPD	Mpyfogpd
Z	Z
Q	Q
B	B
JTQCP	Jtqcp
AZHJX	Azhjx
VLDLTKGF	Vldltkgf
AU	Au
NRQHM	Nrqhm
Y	Y
K	K
B	B
P	P
XM	Xm
W	W
JK	Jk
J	J
OY	Oy
C	C
XM	Xm
JM	Jm
N	N
L	L
FUDOO	Fudoo
A	A
ZZBP	Zzbp
H	H
A	A
H	H
B	B
OMUY	Omuy
WSLAMA	Wslama
T	T
VQ	Vq
L	L
RUIWUH	Ruiwuh
T	T
HRMX	Hrmx
R	R
ZV	Zv
V	V
J	J
XPN	Xpn
DRWTIMW	Drwtimw
O	O
NSOPDMVITUKH	Nsopdmvitukh
QTW	Qtw
T	T
BH	Bh
RI	Ri
V	V
YYR	Yyr
W	W
DDYC	Ddyc
CC	Cc
YD	Yd
P	P
O	O
RI	Ri
CKPKOPX	Ckpkopx
G	G
K	K
X	X
EP	Ep
J	J
QJT	Qjt
VV	Vv
CKF	Ckf
BB	Bb
DBONIUPM	Dboniupm
H	H
IGAL	Igal
LARC	Larc
IT	It
RH	Rh
SU	Su
W	W
G	G
BI	Bi
C	C
R	R
KKD	Kkd
FTO	Fto
UPE	Upe
L	L
N	N
KRF	Krf
SX	Sx
PM	Pm
E	E
T	T
RIJNJPX	Rijnjpx
V	V
ZHS	Zhs
MDK	Mdk
C	C
U	U
S	S
XAGK	Xagk
CLQMR	Clqmr
TIYO	Tiyo
CYZR	Cyzr
VYMM	Vymm
EQZ	Eqz
KK	Kk
U	U
K	K
J	J
G	G
U	U
S	S
D	D
LRGR	Lrgr
IDJ	Idj
Z	Z
Q	Q
Y	Y
SJEATLA	Sjeatla
K	K
LXA	Lxa
Y	Y
OMVSM	Omvsm
EGKZGKF	Egkzgkf
YSK	Ysk
MPPAE	Mppae
PVB	Pvb
WBJNL	Wbjnl
CLDJPV	Cldjpv
U	U
CXDWJCS	Cxdwjcs
K	K
V	V
VO	Vo
G	G
XME	Xme
SZPQ	Szpq
MKTHJW	Mkthjw
V	V
OXI	Oxi
WI	Wi
QB	Qb
E	E
XZ	Xz
A	A
AD	Ad
M	M
SFZI	Sfzi
GQ	Gq
DQZUW	Dqzuw
H	H
TO	To
S	S
SEFXC	Sefxc
O	O
XQR	Xqr
Q	Q
MBTG	Mbtg
U	U
DKN	Dkn
JJD	Jjd
EGYHD	Egyhd
D	D
DC	Dc
R	R
S	S
Z	Z
HL	Hl
RL	Rl
VC	Vc
WHZ	Whz
SA	Sa
O	O
BDAEMZRL	Bdaemzrl
KQ	Kq
P	P
KLB	Klb
GP	Gp
UN	Un
Y	Y
HH	Hh
GBT	Gbt
BC	Bc
BCTU	Bctu
ELP	Elp
M	M
E	E
L	L
ZWMVO	Zwmvo
F	F
KXD	Kxd
U	U
T	T
DAU	Dau
STQ	Stq
A	A
WNTB	Wntb
CX	Cx
Q	Q
L	L
YG	Yg
TEB	Teb
F	F
WK	Wk
XOK	Xok
LJ	Lj
YUQF	Yuqf
LVEA	Lvea
VF	Vf
SS	Ss
M	M
S	S
IA	Ia
UHSRE	Uhsre
E	E
LZ	Lz
OTMM	Otmm
H	H
RPU	Rpu
W	W
Y	Y
I	I
RKFK	Rkfk
HUA	Hua
RJZ	Rjz
F	F
FE	Fe
DZ	Dz
ZNE	Zne
B	B
W	W
JTT	Jtt
CYF	Cyf
JYM	Jym
OO	Oo
XS	Xs
QBJ	Qbj
FYHQBTJA	Fyhqbtja
F	F
U	U
AGI	Agi
G	G
MM	Mm
X	X
W	W
Q	Q
B	B
VGX	Vgx
RDRI	Rdri
A	A
S	S
O	O
R	R
O	O
XBK	Xbk
BH	Bh
L	L
H	H
TDR	Tdr
RUYMR	Ruymr
ANP	Anp
F	F
U	U
EB	Eb
UMFH	Umfh
A	A
YH	Yh
ICESY	Icesy
I	I
G	G
LY	Ly
Q	Q
O	O
ZCGFAOVX	Zcgfaovx
SNVBZL	Snvbzl
ZFAC	Zfac
I	I
O	O
BN	Bn
T	T
ETTYWF	Ettywf
XGI	Xgi
X	X
SXKTZ	Sxktz
HCGT	Hcgt
NZ	Nz
UR	Ur
I	I
YLT	Ylt
Z	Z
OFAK	Ofak
Y	Y
YK	Yk
EQKC	Eqkc
G	G
T	T
B	B
DU	Du
G	G
OZQY	Ozqy
DKCAQBCHVBNBQZ	Dkcaqbchvbnbqz
L	L
D	D
NR	Nr
NOH	Noh
N	N
QAH	Qah
SDI	Sdi
OEFN	Oefn
DT	Dt
Z	Z
I	I
OOA	Ooa
VNZ	Vnz
B	B
S	S
R	R
KY	Ky
A	A
G	G
F	F
KOGCM	Kogcm
BPT	Bpt
ZVG	Zvg
OO	Oo
H	H
TB	Tb
UEY	Uey
T	T
YI	Yi
Z	Z
Z	Z
Q	Q
N	N
HPINW	Hpinw
VC	Vc
E	E
ZZL	Zzl
QDRB	Qdrb
N	N
JG	Jg
M	M
K	K
T	T
E	E
ZJ	Zj
NK	Nk
DIH	Dih
O	O
HIUYHWV	Hiuyhwv
F	F
BUD	Bud
IU	Iu
V	V
QI	Qi
LT	Lt
H	H
B	B
MQ	Mq
MHQSK	Mhqsk
DEEJS	Deejs
CPBS	Cpbs
PNO	Pno
DSKOR	Dskor
WFXPBVVAL	Wfxpbvval
Q	Q
RU	Ru
QNGKNV	Qngknv
V	V
P	P
F	F
J	J
S	S
K	K
K	K
P	P
A	A
JZAZ	Jzaz
QCB	Qcb
IH	Ih
V	V
ZCL	Zcl
Y	Y
J	J
FN	Fn
NXEV	Nxev
OU	Ou
W	W
X	X
HRX	Hrx
D	D
YP	Yp
YI	Yi
K	K
AT	At
U	U
R	R
LU	Lu
RV	Rv
OZ	Oz
U	U
RQVRO	Rqvro
ZA	Za
W	W
TPT	Tpt
MCLZK	Mclzk
DCO	Dco
F	F
U	U
K	K
C	C
QK	Qk
EY	Ey
R	R
L	L
LP	Lp
UB	Ub
S	S
J	J
WEX	Wex
X	X
Q	Q
T	T
EW	Ew
OR	Or
FK	Fk
S	S
HW	Hw
D	D
RRN	Rrn
NDFTN	Ndftn
QDZJL	Qdzjl
T	T
M	M
R	R
X	X
WE	We
T	T
HM	Hm
CDPGNV	Cdpgnv
QTHFC	Qthfc
W	W
GJK	Gjk
W	W
DHBF	Dhbf
F	F
WJRD	Wjrd
VV	Vv
EEBJ	Eebj
PORTYAMVGL	Portyamvgl
Z	Z
GFIBFKJZL	Gfibfkjzl
VW	Vw
D	D
US	Us
M	M
P	P
FRP	Frp
T	T
N	N
Q	Q
IC	Ic
P	P
JY	Jy
AKLTIRUEIGR	Akltirueigr
W	W
V	V
QIXGVJ	Qixgvj
RY	Ry
G	G
W	W
DRX	Drx
W	W
D	D
UUMP	Uump
OOXCA	Ooxca
XV	Xv
EAM	Eam
YP	Yp
WJ	Wj
MQMT	Mqmt
F	F
NDN	Ndn
CCYQ	Ccyq
ZN	Zn
F	F
Q	Q
FP	Fp
USY	Usy
YU	Yu
DHFWQMQG	Dhfwqmqg
MQORUK	Mqoruk
Y	Y
CKE	Cke
LI	Li
TVUWD	Tvuwd
K	K
F	F
GOW	Gow
GMEY	Gmey
LZTIA	Lztia
G	G
D	D
EMD	Emd
K	K
M	M
EA	Ea
N	N
VKSUA	Vksua
P	P
P	P
FTE	Fte
VTG	Vtg
Q	Q
A	A
QO	Qo
STHBM	Sthbm
L	L
VAX	Vax
QUM	Qum
VE	Ve
L	L
XS	Xs
KQ	Kq
J	J
T	T
A	A
GRAQOP	Graqop
D	D
WDX	Wdx
A	A
GF	Gf
DHOP	Dhop
IQJ	Iqj
N	N
LGM	Lgm
DT	Dt
X	X
JRP	Jrp
K	K
H	H
XMDU	Xmdu
XL	Xl
BE	Be
E	E
QDD	Qdd
CY	Cy
B	B
T	T
IDFMR	Idfmr
JBB	Jbb
ZDHIV	Zdhiv
F	F
DTCE	Dtce
RDY	Rdy
F	F
XPJEZKEDKE	Xpjezkedke
EL	El
FHCA	Fhca
ODG	Odg
Z	Z
C	C
XB	Xb
ING	Ing
IN	In
KQHZA	Kqhza
PFNXHIQPDHC	Pfnxhiqpdhc
XNYPNUXJO	Xnypnuxjo
PH	Ph
N	N
SFD	Sfd
C	C
C	C
BO	Bo
G	G
U	U
CYTXMIA	Cytxmia
N	N
Y	Y
WTQL	Wtql
KDRVLVNITV	Kdrvlvnitv
CRDHHNKN	Crdhhnkn
J	J
J	J
MW	Mw
I	I
HG	Hg
D	D
O	O
MSMAGCRIO	Msmagcrio
OB	Ob
A	A
L	L
UQZRC	Uqzrc
F	F
YTU	Ytu
Z	Z
L	L
E	E
C	C
I	I
MPP	Mpp
ZARGUH	Zarguh
VQA	Vqa
BMV	Bmv
SU	Su
PN	Pn
DWZBJ	Dwzbj
AXB	Axb
AI	Ai
AX	Ax
U	U
L	L
W	W
JMS	Jms
Q	Q
RR	Rr
Y	Y
CA	Ca
MA	Ma
I	I
VF	Vf
YB	Yb
KQ	Kq
N	N
O	O
WXLV	Wxlv
RU	Ru
UMD	Umd
DR	Dr
F	F
Z	Z
XOAV	Xoav
AHD	Ahd
ASZEC	Aszec
Y	Y
I	I
K	K
VRJA	Vrja
XH	Xh
A	A
BTJLWNYZ	Btjlwnyz
DCTJTDQ	Dctjtdq
E	E
GI	Gi
WSOYPSDSVY	Wsoypsdsvy
K	K
RGESI	Rgesi
VXWGMVJ	Vxwgmvj
Y	Y
NWZCRLPNRS	Nwzcrlpnrs
PGX	Pgx
W	W
M	M
JV	Jv
PF	Pf
DXA	Dxa
NROXASRQII	Nroxasrqii
SPIVXLS	Spivxls
L	L
X	X
MBGCBRDA	Mbgcbrda
LFHO	Lfho
JVC	Jvc
PY	Py
O	O
QD	Qd
C	C
A	A
B	B
M	M
WFDZ	Wfdz
LM	Lm
A	A
N	N
SX	Sx
YVNX	Yvnx
B	B
CL	Cl
Y	Y
Q	Q
WK	Wk
UEPLEBZILKJP	Ueplebzilkjp
DV	Dv
DY	Dy
APSO	Apso
OT	Ot
CO	Co
OO	Oo
UUWXNCM	Uuwxncm
AWRF	Awrf
TX	Tx
YUBRE	Yubre
PBP	Pbp
QEAQ	Qeaq
X	X
ZA	Za
UPTVJPYWZF	Uptvjpywzf
GD	Gd
BFO	Bfo
Y	Y
JEF	Jef
GTN	Gtn
F	F
T	T
GEKV	Gekv
FCKRSNDXU	Fckrsndxu
YBZ	Ybz
J	J
V	V
T	T
FWB	Fwb
QQU	Qqu
RRQBXC	Rrqbxc
OTITK	Otitk
UZ	Uz
SH	Sh
MJINC	Mjinc
VPW	Vpw
Q	Q
YJ	Yj
M	M
P	P
W	W
O	O
N	N
DRCQ	Drcq
XOGUITB	Xoguitb
I	I
SS	Ss
AMNU	Amnu
FWN	Fwn
YL	Yl
Z	Z
I	I
WLFPU	Wlfpu
D	D
FDMQJI	Fdmqji
P	P
S	S
P	P
NFG	Nfg
QJ	Qj
WI	Wi
BR	Br
L	L
Y	Y
ZQEGI	Zqegi
H	H
Z	Z
Z	Z
GF	Gf
U	U
MCEC	Mcec
UQO	Uqo
PDJRS	Pdjrs
JJI	Jji
DCQ	Dcq
I	I
A	A
ZRVU	Zrvu
GZ	Gz
DAGY	Dagy
O	O
JKD	Jkd
C	C
RD	Rd
TY	Ty
OMN	Omn
D	D
F	F
WA	Wa
Z	Z
HP	Hp
ZHET	Zhet
W	W
P	P
PIIVG	Piivg
F	F
AFPDJLO	Afpdjlo
U	U
I	I
M	M
JUBN	Jubn
YA	Ya
O	O
F	F
A	A
SZB	Szb
W	W
T	T
Y	Y
CY	Cy
QR	Qr
FK	Fk
VUERHH	Vuerhh
B	B
CL	Cl
Q	Q
J	J
YUUJT	Yuujt
AH	Ah
D	D
AG	Ag
D	D
VU	Vu
TZSSCNHN	Tzsscnhn
HKRMSW	Hkrmsw
VNLYAX	Vnlyax
GSL	Gsl
Q	Q
M	M
R	R
DA	Da
NVEW	Nvew
HI	Hi
RFU	Rfu
LQ	Lq
R	R
FKGRC	Fkgrc
BA	Ba
I	I
R	R
C	C
M	M
HCK	Hck
T	T
ECXXUHY	Ecxxuhy
FABXJTDZD	Fabxjtdzd
R	R
NIN	Nin
OGQY	Ogqy
VNZ	Vnz
ZZGDR	Zzgdr
I	I
BGUQJS	Bguqjs
BGAI	Bgai
L	L
ID	Id
PXFB	Pxfb
UIGJMSNKADUU	Uigjmsnkaduu
IQ	Iq
CAIG	Caig
H	H
CVG	Cvg
PKWB	Pkwb
Z	Z
CGLTUUIYE	Cgltuuiye
KNCRLCWO	Kncrlcwo
WBO	Wbo
Z	Z
G	G
AOMXYY	Aomxyy
S	S
A	A
DC	Dc
L	L
R	R
ND	Nd
T	T
XQDYM	Xqdym
SN	Sn
M	M
W	W
OEEM	Oeem
WS	Ws
I	I
DW	Dw
Q	Q
W	W
ZV	Zv
FN	Fn
BR	Br
ANCK	Anck
SB	Sb
Y	Y
IC	Ic
Y	Y
Z	Z
BNMOME	Bnmome
XY	Xy
HU	Hu
KL	Kl
MC	Mc
YJ	Yj
PVW	Pvw
YA	Ya
PKQ	Pkq
V	V
JN	Jn
HI	Hi
QX	Qx
PKSOM	Pksom
WU	Wu
GPUD	Gpud
SR	Sr
B	B
P	P
A	A
T	T
M	M
HOCS	Hocs
B	B
E	E
LPIAZ	Lpiaz
VZMR	Vzmr
FA	Fa
M	M
YV	Yv
PPAKQKRS	Ppakqkrs
PM	Pm
RIIE	Riie
HYJ	Hyj
XW	Xw
VQ	Vq
X	X
P	P
NQNVT	Nqnvt
S	S
BZO	Bzo
V	V
T	T
II	Ii
S	S
BTI	Bti
CN	Cn
BWB	Bwb
D	D
T	T
FMCKSM	Fmcksm
EXRUN	Exrun
BIBV	Bibv
I	I
ICONSV	Iconsv
PX	Px
F	F
LWW	Lww
WW	Ww
BR	Br
BEVDAM	Bevdam
G	G
GNVC	Gnvc
XUQ	Xuq
AJOKIRPGH	Ajokirpgh
I	I
GRE	Gre
F	F
OF	Of
FPTV	Fptv
M	M
D	D
Z	Z
EMQX	Emqx
Y	Y
V	V
HV	Hv
B	B
D	D
PY	Py
JFDX	Jfdx
I	I
L	L
JPZH	Jpzh
A	A
F	F
GBPQ	Gbpq
CFFOJFLK	Cffojflk
C	C
QC	Qc
RV	Rv
OI	Oi
V	V
W	W
PUQ	Puq
WJFHC	Wjfhc
GMPU	Gmpu
QPX	Qpx
MY	My
S	S
KQEZP	Kqezp
P	P
B	B
X	X
UVV	Uvv
G	G
UY	Uy
ICJOVV	Icjovv
H	H
NRVVUV	Nrvvuv
KJC	Kjc
LUB	Lub
U	U
P	P
YU	Yu
FF	Ff
A	A
YH	Yh
BVZW	Bvzw
JZ	Jz
SB	Sb
BC	Bc
XMZ	Xmz
V	V
TW	Tw
LY	Ly
S	S
JV	Jv
LL	Ll
E	E
OQ	Oq
RS	Rs
R	R
KDJ	Kdj
M	M
J	J
W	W
J	J
U	U
FXZ	Fxz
J	J
WO	Wo
AJ	Aj
N	N
PQ	Pq
BH	Bh
J	J
AR	Ar
UG	Ug
C	C
I	I
WRHQ	Wrhq
L	L
LSV	Lsv
I	I
MLOI	Mloi
YEM	Yem
BX	Bx
G	G
V	V
BXG	Bxg
OX	Ox
GN	Gn
N	N
FXWQ	Fxwq
H	H
KXZ	Kxz
JFUFOE	Jfufoe
HJ	Hj
T	T
U	U
JM	Jm
EJCC	Ejcc
F	F
PSQG	Psqg
O	O
HI	Hi
WJ	Wj
N	N
H	H
NRYOW	Nryow
UBX	Ubx
EW	Ew
ZMK	Zmk
OQI	Oqi
NYJ	Nyj
CSYVYCUGZ	Csyvycugz
UJFOO	Ujfoo
UNVEXM	Unvexm
M	M
E	E
P	P
E	E
G	G
GZ	Gz
GXZAJ	Gxzaj
WY	Wy
Q	Q
J	J
X	X
WQI	Wqi
BPHSHX	Bphshx
UMK	Umk
MHE	Mhe
Y	Y
B	B
M	M
P	P
IYO	Iyo
H	H
PDW	Pdw
TJ	Tj
A	A
P	P
J	J
UZTQIFYSK	Uztqifysk
B	B
T	T
V	V
COSZCF	Coszcf
VTSJ	Vtsj
OVKWWFZ	Ovkwwfz
X	X
G	G
L	L
ER	Er
RW	Rw
LX	Lx
HH	Hh
HYTS	Hyts
Y	Y
YZII	Yzii
LIW	Liw
DGVCMR	Dgvcmr
LR	Lr
NHU	Nhu
M	M
UXE	Uxe
F	F
CC	Cc
E	E
GFUM	Gfum
FPOT	Fpot
EG	Eg
I	I
XXF	Xxf
O	O
FJ	Fj
WARQ	Warq
QV	Qv
JHXKPN	Jhxkpn
UQ	Uq
UX	Ux
YBK	Ybk
GOUWCHSZMQYF	Gouwchszmqyf
Z	Z
GYJ	Gyj
BEI	Bei
U	U
SOBCM	Sobcm
Q	Q
XBWI	Xbwi
S	S
NJP	Njp
U	U
O	O
O	O
CPI	Cpi
H	H
LF	Lf
W	W
RF	Rf
AQTJ	Aqtj
GVP	Gvp
F	F
DGNT	Dgnt
BC	Bc
UPWAD	Upwad
XD	Xd
JVGOL	Jvgol
BD	Bd
IT	It
J	J
T	T
N	N
JX	Jx
R	R
JI	Ji
K	K
K	K
VELUUY	Veluuy
ONK	Onk
R	R
XDC	Xdc
L	L
O	O
OK	Ok
E	E
N	N
M	M
QE	Qe
WOGVRU	Wogvru
F	F
U	U
KWYK	Kwyk
X	X
HO	Ho
XNTJ	Xntj
EM	Em
L	L
HOLU	Holu
OO	Oo
ZVWF	Zvwf
SISJHQ	Sisjhq
C	C
KULCZ	Kulcz
MBNOJX	Mbnojx
HJK	Hjk
MIJBRYM	Mijbrym
HF	Hf
D	D
IUSR	Iusr
L	L
AG	Ag
Y	Y
FP	Fp
K	K
Z	Z
AYBYFNI	Aybyfni
KHHALUZ	Khhaluz
Y	Y
LIUDL	Liudl
GPI	Gpi
W	W
KTCBZS	Ktcbzs
WPIS	Wpis
UB	Ub
K	K
V	V
COA	Coa
BORAHJRB	Borahjrb
A	A
WX	Wx
KA	Ka
D	D
B	B
R	R
Y	Y
B	B
UC	Uc
FTHEPXZWA	Fthepxzwa
DCMFF	Dcmff
ERPPLAI	Erpplai
NJ	Nj
EWH	Ewh
XW	Xw
TF	Tf
O	O
C	C
UE	Ue
RD	Rd
GBTA	Gbta
N	N
EJ	Ej
LBEQ	Lbeq
RP	Rp
ALYFF	Alyff
E	E
E	E
HDLRRZ	Hdlrrz
N	N
Z	Z
TU	Tu
Y	Y
ZCAIFJUN	Zcaifjun
U	U
VTIO	Vtio
JPED	Jped
VKC	Vkc
WIZDM	Wizdm
O	O
PEGZRCBX	Pegzrcbx
IU	Iu
G	G
L	L
O	O
KJ	Kj
E	E
D	D
QB	Qb
REUNP	Reunp
I	I
WU	Wu
SGZNDX	Sgzndx
EL	El
L	L
JZNHV	Jznhv
A	A
Q	Q
VG	Vg
XDL	Xdl
Q	Q
A	A
NGTV	Ngtv
X	X
DT	Dt
LUQVA	Luqva
IVJFUC	Ivjfuc
NJ	Nj
BK	Bk
ZQ	Zq
KSN	Ksn
MHUX	Mhux
C	C
XUMBHLK	Xumbhlk
T	T
RFZRG	Rfzrg
UMYT	Umyt
DEC	Dec
E	E
TR	Tr
C	C
U	U
X	X
KX	Kx
D	D
BK	Bk
AT	At
MWP	Mwp
VA	Va
BENYWDRU	Benywdru
B	B
T	T
G	G
TG	Tg
LJ	Lj
L	L
BYPW	Bypw
W	W
E	E
W	W
M	M
UKHDL	Ukhdl
U	U
PLLC	Pllc
L	L
I	I
OVF	Ovf
F	F
Q	Q
ZEXE	Zexe
SR	Sr
NG	Ng
HJQ	Hjq
B	B
Z	Z
PVG	Pvg
YN	Yn
RIYM	Riym
Y	Y
V	V
D	D
BC	Bc
MZWRX	Mzwrx
NPOG	Npog
Q	Q
LCU	Lcu
YKDC	Ykdc
F	F
QY	Qy
L	L
HBELI	Hbeli
T	T
Y	Y
M	M
M	M
F	F
CI	Ci
N	N
ECBMSPN	Ecbmspn
R	R
O	O
Z	Z
YIEE	Yiee
EB	Eb
L	L
FWN	Fwn
B	B
WUM	Wum
OHXAY	Ohxay
XANW	Xanw
YI	Yi
OC	Oc
ZX	Zx
R	R
HYHJL	Hyhjl
CYV	Cyv
SVWXWPFCZ	Svwxwpfcz
VS	Vs
Y	Y
GK	Gk
N	N
EC	Ec
E	E
FKHH	Fkhh
OU	Ou
S	S
CO	Co
WI	Wi
O	O
M	M
G	G
LW	Lw
AOAFSIAQWJ	Aoafsiaqwj
CRR	Crr
HZWNAO	Hzwnao
BM	Bm
H	H
SNVHKBTO	Snvhkbto
A	A
LXUNI	Lxuni
VDT	Vdt
HL	Hl
FOI	Foi
E	E
S	S
UIYW	Uiyw
JGE	Jge
T	T
K	K
CJ	Cj
HY	Hy
A	A
REQE	Reqe
B	B
NFM	Nfm
W	W
YT	Yt
HTK	Htk
Z	Z
WD	Wd
XH	Xh
WQ	Wq
Y	Y
NN	Nn
VN	Vn
EMBO	Embo
F	F
JQ	Jq
XO	Xo
KUGU	Kugu
QYFLT	Qyflt
GH	Gh
BVEJ	Bvej
JD	Jd
J	J
A	A
VI	Vi
EZBELXD	Ezbelxd
IDQELO	Idqelo
IB	Ib
W	W
C	C
OBAXDA	Obaxda
DQ	Dq
RQR	Rqr
B	B
DBY	Dby
JF	Jf
NK	Nk
Y	Y
AZB	Azb
HN	Hn
BF	Bf
NN	Nn
KMS	Kms
JKB	Jkb
ALY	Aly
E	E
URE	Ure
WYN	Wyn
A	A
EA	Ea
LY	Ly
LW	Lw
VCDYC	Vcdyc
VN	Vn
SM	Sm
Y	Y
D	D
W	W
I	I
SOCA	Soca
A	A
C	C
I	I
A	A
Z	Z
V	V
F	F
W	W
VUKLSCW	Vuklscw
UH	Uh
CFN	Cfn
OV	Ov
YJFO	Yjfo
LRV	Lrv
MT	Mt
YAXT	Yaxt
NW	Nw
UPWVQ	Upwvq
X	X
Z	Z
WF	Wf
P	P
OUETWP	Ouetwp
FMR	Fmr
VE	Ve
S	S
QZ	Qz
Z	Z
Q	Q
ANU	Anu
WZR	Wzr
SB	Sb
Q	Q
BCLTQ	Bcltq
MEEGLUXH	Meegluxh
FWQQQ	Fwqqq
HLXF	Hlxf
Y	Y
KDCMVR	Kdcmvr
EB	Eb
JZG	Jzg
FO	Fo
Q	Q
Y	Y
G	G
DIZLHF	Dizlhf
N	N
L	L
R	R
C	C
C	C
U	U
TR	Tr
YC	Yc
OH	Oh
L	L
R	R
D	D
BSE	Bse
GP	Gp
T	T
IN	In
MHFFK	Mhffk
XTG	Xtg
ZB	Zb
FGU	Fgu
D	D
VOP	Vop
RXELY	Rxely
PU	Pu
PNER	Pner
HTTC	Httc
C	C
Y	Y
LZ	Lz
X	X
Y	Y
D	D
V	V
RL	Rl
KGJLX	Kgjlx
K	K
ABW	Abw
F	F
DU	Du
ZY	Zy
RJK	Rjk
G	G
G	G
AM	Am
E	E
RRM	Rrm
PAZGQLT	Pazgqlt
N	N
QK	Qk
K	K
VYWTZ	Vywtz
Q	Q
L	L
G	G
SIZ	Siz
FLERHJS	Flerhjs
NW	Nw
R	R
B	B
NENVPY	Nenvpy
OCO	Oco
I	I
E	E
LCC	Lcc
D	D
LNA	Lna
UB	Ub
HOZ	Hoz
VDM	Vdm
CBMIWVJ	Cbmiwvj
CCT	Cct
BTOIR	Btoir
HQ	Hq
OZAJUTG	Ozajutg
X	X
T	T
HBTIU	Hbtiu
Z	Z
N	N
EQT	Eqt
C	C
L	L
A	A
U	U
C	C
BWL	Bwl
RZCV	Rzcv
IJOP	Ijop
DAAF	Daaf
K	K
N	N
W	W
QRO	Qro
QVGMFL	Qvgmfl
B	B
DRKWOOCE	Drkwooce
UBE	Ube
HOY	Hoy
FH	Fh
K	K
FGS	Fgs
MXU	Mxu
BI	Bi
O	O
SQSDN	Sqsdn
W	W
LVQPJPF	Lvqpjpf
II	Ii
RHZ	Rhz
S	S
Z	Z
TB	Tb
R	R
M	M
EV	Ev
BRSIRXCUMP	Brsirxcump
Y	Y
Y	Y
R	R
ZM	Zm
Q	Q
NM	Nm
YGU	Ygu
W	W
QQ	Qq
Y	Y
HHKBAX	Hhkbax
QC	Qc
C	C
D	D
J	J
CU	Cu
PF	Pf
R	R
SPA	Spa
B	B
TR	Tr
TL	Tl
A	A
K	K
Q	Q
CEQ	Ceq
DN	Dn
SKE	Ske
PSY	Psy
I	I
W	W
NU	Nu
VZV	Vzv
I	I
KFB	Kfb
O	O
ZL	Zl
VF	Vf
N	N
FCEMA	Fcema
L	L
AG	Ag
VDTPKWD	Vdtpkwd
C	C
T	T
F	F
D	D
Z	Z
GB	Gb
VOC	Voc
SDX	Sdx
H	H
AQYYC	Aqyyc
T	T
ALD	Ald
BU	Bu
F	F
E	E
MSCU	Mscu
P	P
J	J
MPKO	Mpko
KZ	Kz
PC	Pc
W	W
U	U
NY	Ny
KW	Kw
TLUM	Tlum
O	O
XEB	Xeb
HMW	Hmw
QU	Qu
NM	Nm
KKG	Kkg
P	P
S	S
A	A
SLD	Sld
LI	Li
N	N
DUEVSIO	Duevsio
TEJZK	Tejzk
JNCNTYFWTM	Jncntyfwtm
L	L
K	K
U	U
Z	Z
YU	Yu
NWCBMFOCA	Nwcbmfoca
WUI	Wui
DJIKY	Djiky
G	G
QLIAPO	Qliapo
B	B
O	O
ET	Et
YYR	Yyr
T	T
HGFN	Hgfn
I	I
SC	Sc
QD	Qd
R	R
Y	Y
X	X
WTU	Wtu
NDCX	Ndcx
UYQ	Uyq
E	E
DPVJ	Dpvj
Y	Y
THVP	Thvp
YS	Ys
RG	Rg
MKFJ	Mkfj
NAMHEF	Namhef
IBG	Ibg
L	L
KFWJ	Kfwj
F	F
KIF	Kif
RVFAP	Rvfap
JV	Jv
B	B
QMWB	Qmwb
SD	Sd
R	R
OC	Oc
FJENSH	Fjensh
QCXIY	Qcxiy
HJM	Hjm
UF	Uf
JFMY	Jfmy
T	T
UFX	Ufx
NN	Nn
XGYLH	Xgylh
R	R
GA	Ga
M	M
G	G
F	F
CUTG	Cutg
T	T
BBQV	Bbqv
M	M
SXVEW	Sxvew
C	C
Y	Y
QN	Qn
OJ	Oj
R	R
SH	Sh
YSHMLHGU	Yshmlhgu
W	W
DQCGHXECERQN	Dqcghxecerqn
TJK	Tjk
F	F
BJQI	Bjqi
W	W
XZDL	Xzdl
GDI	Gdi
Z	Z
E	E
FIFHY	Fifhy
O	O
BKUX	Bkux
Z	Z
YW	Yw
SLXLD	Slxld
AKNCQ	Akncq
BP	Bp
QP	Qp
JL	Jl
ILHI	Ilhi
K	K
I	I
GA	Ga
OS	Os
EY	Ey
YA	Ya
QL	Ql
YL	Yl
ZHHJD	Zhhjd
LV	Lv
O	O
Q	Q
IDJ	Idj
AZ	Az
XMQPNDF	Xmqpndf
IE	Ie
G	G
RD	Rd
UER	Uer
Z	Z
UUF	Uuf
X	X
LT	Lt
UC	Uc
K	K
TBB	Tbb
O	O
AF	Af
J	J
EJOOJHI	Ejoojhi
L	L
HM	Hm
H	H
XW	Xw
B	B
TMN	Tmn
B	B
Q	Q
IM	Im
JJW	Jjw
NFDBRA	Nfdbra
CYOFCH	Cyofch
JPO	Jpo
UXVK	Uxvk
L	L
EH	Eh
DL	Dl
WFGR	Wfgr
OCMZEJM	Ocmzejm
Z	Z
ULA	Ula
LP	Lp
J	J
VCO	Vco
J	J
X	X
D	D
NYK	Nyk
IXZB	Ixzb
OJ	Oj
XXB	Xxb
EW	Ew
WVU	Wvu
AYDB	Aydb
SDF	Sdf
TBUK	Tbuk
AQ	Aq
DF	Df
XZ	Xz
PBA	Pba
Z	Z
MQTL	Mqtl
MH	Mh
XH	Xh
L	L
RTKYJ	Rtkyj
BZ	Bz
I	I
J	J
ZQ	Zq
IR	Ir
JTDZ	Jtdz
YA	Ya
HG	Hg
S	S
PIT	Pit
TMKMU	Tmkmu
VW	Vw
R	R
Z	Z
I	I
FWGB	Fwgb
UJ	Uj
W	W
C	C
KJ	Kj
MD	Md
A	A
ZQ	Zq
Z	Z
Y	Y
DI	Di
MVU	Mvu
O	O
XLRFILE	Xlrfile
HVMY	Hvmy
OI	Oi
BEX	Bex
HD	Hd
EGEJ	Egej
Q	Q
H	H
G	G
TA	Ta
DA	Da
JBFEIG	Jbfeig
VHJE	Vhje
YAU	Yau
Y	Y
E	E
UCINMU	Ucinmu
V	V
W	W
NYSU	Nysu
X	X
U	U
PTFAOA	Ptfaoa
EHR	Ehr
JUYA	Juya
HJ	Hj
LRZU	Lrzu
L	L
U	U
TV	Tv
OZW	Ozw
X	X
BGHTYUVRV	Bghtyuvrv
PFXREC	Pfxrec
V	V
Z	Z
RQ	Rq
ZDS	Zds
HI	Hi
U	U
H	H
TBR	Tbr
DXG	Dxg
FO	Fo
Z	Z
Y	Y
C	C
HQT	Hqt
CZ	Cz
IG	Ig
Z	Z
TY	Ty
Q	Q
I	I
EB	Eb
A	A
A	A
J	J
W	W
FY	Fy
X	X
TZR	Tzr
BAIA	Baia
S	S
CE	Ce
LEBI	Lebi
S	S
BSO	Bso
ER	Er
K	K
EVQ	Evq
P	P
XLG	Xlg
V	V
EWY	Ewy
TK	Tk
KV	Kv
Y	Y
B	B
OVJD	Ovjd
B	B
GIVF	Givf
DB	Db
KNC	Knc
V	V
O	O
PK	Pk
GDD	Gdd
HX	Hx
LB	Lb
YP	Yp
AFRTAFC	Afrtafc
I	I
OTIH	Otih
XXV	Xxv
PM	Pm
S	S
Q	Q
BL	Bl
WF	Wf
I	I
X	X
J	J
CV	Cv
YPYTOB	Ypytob
Z	Z
UWUJDXVW	Uwujdxvw
I	I
ZJK	Zjk
IRCL	Ircl
CG	Cg
J	J
X	X
IKEUT	Ikeut
UBA	Uba
HI	Hi
PRB	Prb
ZK	Zk
IJ	Ij
AVI	Avi
QG	Qg
Q	Q
BW	Bw
SERTZD	Sertzd
DIO	Dio
M	M
X	X
N	N
D	D
GJ	Gj
U	U
OWRXZL	Owrxzl
Z	Z
K	K
C	C
II	Ii
CTMKE	Ctmke
BCE	Bce
HPO	Hpo
M	M
AC	Ac
DETRDMLZ	Detrdmlz
VKLO	Vklo
LVZWYO	Lvzwyo
ZBO	Zbo
X	X
MO	Mo
H	H
AL	Al
H	H
AHVFFW	Ahvffw
L	L
YW	Yw
YOXLL	Yoxll
AJ	Aj
PHG	Phg
I	I
X	X
MNP	Mnp
PD	Pd
N	N
Q	Q
OK	Ok
B	B
DWXV	Dwxv
ZWZ	Zwz
YIGNI	Yigni
X	X
G	G
O	O
Y	Y
M	M
LWJE	Lwje
J	J
YAVG	Yavg
W	W
G	G
Q	Q
KB	Kb
OL	Ol
ZGPWKM	Zgpwkm
NLY	Nly
R	R
ULL	Ull
IYV	Iyv
WTWF	Wtwf
RHA	Rha
CIIZ	Ciiz
V	V
YTEF	Ytef
V	V
ODDA	Odda
X	X
GE	Ge
Q	Q
D	D
UIMC	Uimc
G	G
E	E
FDNCZ	Fdncz
DDRE	Ddre
R	R
O	O
WJ	Wj
A	A
TR	Tr
EUIYW	Euiyw
MG	Mg
PMFD	Pmfd
QC	Qc
LL	Ll
WTL	Wtl
XV	Xv
QL	Ql
VN	Vn
V	V
KNYJ	Knyj
VW	Vw
IMSTAE	Imstae
CL	Cl
T	T
R	R
QL	Ql
LQ	Lq
E	E
T	T
AH	Ah
DPFNFF	Dpfnff
SVUKV	Svukv
R	R
QZX	Qzx
NAOBFF	Naobff
SXMJQ	Sxmjq
X	X
KD	Kd
EMQBFL	Emqbfl
I	I
SXFJ	Sxfj
M	M
K	K
L	L
TO	To
SZP	Szp
XDNVYMG	Xdnvymg
D	D
AT	At
QS	Qs
C	C
A	A
L	L
E	E
QB	Qb
C	C
I	I
TFW	Tfw
DP	Dp
V	V
BJZ	Bjz
C	C
FKRC	Fkrc
Q	Q
RM	Rm
J	J
P	P
YMRI	Ymri
EUVNW	Euvnw
PG	Pg
NTDGAQT	Ntdgaqt
OPON	Opon
IR	Ir
UOHU	Uohu
V	V
UKB	Ukb
W	W
J	J
GV	Gv
V	V
N	N
X	X
BG	Bg
A	A
IR	Ir
T	T
KNO	Kno
ZFWEB	Zfweb
K	K
A	A
X	X
D	D
O	O
VQEY	Vqey
HVXKF	Hvxkf
Y	Y
D	D
Q	Q
XZKW	Xzkw
QZR	Qzr
AK	Ak
QID	Qid
HMJYF	Hmjyf
KP	Kp
TUMYQA	Tumyqa
IRE	Ire
S	S
U	U
F	F
ENVPHNTOU	Envphntou
M	M
P	P
Y	Y
I	I
WAXIS	Waxis
NCP	Ncp
C	C
O	O
P	P
QTPMS	Qtpms
UK	Uk
T	T
H	H
P	P
ENET	Enet
G	G
ENOBF	Enobf
D	D
JI	Ji
YWPNBOCH	Ywpnboch
RT	Rt
FUG	Fug
S	S
HBZWGL	Hbzwgl
ZV	Zv
V	V
KRMKS	Krmks
Q	Q
Y	Y
D	D
D	D
E	E
CC	Cc
B	B
NBME	Nbme
IUPC	Iupc
RGRAF	Rgraf
KA	Ka
TZUBM	Tzubm
EZGW	Ezgw
W	W
CTLJUGN	Ctljugn
VRL	Vrl
PS	Ps
TJOJ	Tjoj
OXZ	Oxz
FD	Fd
TUHNHSXIS	Tuhnhsxis
INBJW	Inbjw
P	P
N	N
EMURY	Emury
BP	Bp
UKI	Uki
H	H
EN	En
VY	Vy
BHT	Bht
OUDH	Oudh
DW	Dw
MI	Mi
SQ	Sq
H	H
WHMLW	Whmlw
JHKI	Jhki
TS	Ts
QKFXVBY	Qkfxvby
G	G
I	I
VEN	Ven
VBH	Vbh
AY	Ay
CFIG	Cfig
EJLZB	Ejlzb
B	B
V	V
ZACUV	Zacuv
G	G
U	U
T	T
Q	Q
YY	Yy
J	J
ZK	Zk
EUK	Euk
EIRQGUGG	Eirqgugg
D	D
CLNT	Clnt
M	M
KC	Kc
E	E
ZUIXB	Zuixb
U	U
QB	Qb
RVAB	Rvab
IR	Ir
UWC	Uwc
DME	Dme
SOE	Soe
LN	Ln
FSN	Fsn
W	W
KE	Ke
OFZ	Ofz
FZ	Fz
DJ	Dj
VZJL	Vzjl
YR	Yr
O	O
IR	Ir
RKMVOA	Rkmvoa
L	L
TNZ	Tnz
VYM	Vym
UF	Uf
VFF	Vff
V	V
SA	Sa
LUQXY	Luqxy
B	B
SW	Sw
DL	Dl
IOU	Iou
LXQ	Lxq
A	A
E	E
R	R
EOR	Eor
D	D
TYQNQKYWGQN	Tyqnqkywgqn
GY	Gy
CRFJLUH	Crfjluh
YMT	Ymt
BZ	Bz
KF	Kf
UM	Um
G	G
I	I
X	X
ZI	Zi
XQ	Xq
T	T
SVACRK	Svacrk
C	C
Z	Z
WN	Wn
N	N
F	F
AD	Ad
F	F
OTUISGE	Otuisge
M	M
UNZE	Unze
Z	Z
DPM	Dpm
RSJZ	Rsjz
GL	Gl
SYF	Syf
MEJDXQ	Mejdxq
BU	Bu
J	J
WGMW	Wgmw
XD	Xd
WT	Wt
XKK	Xkk
AD	Ad
V	V
UVJKYSJ	Uvjkysj
EOJZGXQZG	Eojzgxqzg
MM	Mm
T	T
V	V
GAD	Gad
GAFFGC	Gaffgc
F	F
EF	Ef
SSN	Ssn
V	V
M	M
Q	Q
DPMC	Dpmc
FHTR	Fhtr
O	O
BYNY	Byny
JBVVQD	Jbvvqd
Y	Y
M	M
NV	Nv
CO	Co
G	G
BGFPUH	Bgfpuh
S	S
YNEQN	Yneqn
QTV	Qtv
FY	Fy
WMSXAD	Wmsxad
A	A
BNMQX	Bnmqx
Z	Z
LNB	Lnb
C	C
DBOZBTLW	Dbozbtlw
CSP	Csp
K	K
X	X
Y	Y
A	A
GJEEF	Gjeef
PR	Pr
A	A
IDY	Idy
J	J
X	X
KBJ	Kbj
ZML	Zml
W	W
OU	Ou
OEBIFJDD	Oebifjdd
WJ	Wj
LO	Lo
K	K
ZWJNLUO	Zwjnluo
SUEEXA	Sueexa
NMNY	Nmny
KG	Kg
TO	To
KMT	Kmt
RZUBB	Rzubb
KV	Kv
FK	Fk
YM	Ym
PKSE	Pkse
IZ	Iz
W	W
FF	Ff
Y	Y
BK	Bk
I	I
E	E
L	L
HHK	Hhk
M	M
EJX	Ejx
BWQH	Bwqh
BA	Ba
A	A
EXWXZC	Exwxzc
YZ	Yz
GDTX	Gdtx
B	B
ZKUETVN	Zkuetvn
K	K
R	R
GF	Gf
FPPKBSOSB	Fppkbsosb
F	F
YSW	Ysw
ICNXQV	Icnxqv
SH	Sh
FB	Fb
I	I
WD	Wd
WW	Ww
RQF	Rqf
S	S
DCBO	Dcbo
ZZ	Zz
YZZVV	Yzzvv
PWO	Pwo
X	X
VF	Vf
N	N
XOX	Xox
WN	Wn
YFUX	Yfux
TDOTWXOE	Tdotwxoe
M	M
B	B
J	J
SC	Sc
Y	Y
EUQIRWA	Euqirwa
AHOLVNV	Aholvnv
DOOOPKCQ	Dooopkcq
VLKAWPA	Vlkawpa
MF	Mf
PB	Pb
LBIP	Lbip
JRJ	Jrj
C	C
GL	Gl
L	L
UZGF	Uzgf
VEB	Veb
CZ	Cz
UM	Um
T	T
WQ	Wq
CV	Cv
PG	Pg
W	W
TWRUO	Twruo
O	O
OMYC	Omyc
BFML	Bfml
VPO	Vpo
EC	Ec
J	J
OIZ	Oiz
CVJAKFPQDD	Cvjakfpqdd
VR	Vr
TZM	Tzm
FZ	Fz
F	F
YIB	Yib
Q	Q
Z	Z
HE	He
ZR	Zr
C	C
RH	Rh
Q	Q
Y	Y
CE	Ce
W	W
UB	Ub
W	W
TH	Th
A	A
X	X
NMYATE	Nmyate
EHXRHLHY	Ehxrhlhy
F	F
X	X
SL	Sl
Y	Y
IH	Ih
L	L
AV	Av
PGME	Pgme
IFQ	Ifq
NGC	Ngc
E	E
I	I
B	B
CLWS	Clws
S	S
Y	Y
O	O
Q	Q
PC	Pc
TQ	Tq
W	W
QJP	Qjp
PIBGE	Pibge
M	M
HERAX	Herax
D	D
A	A
N	N
LMGGMY	Lmggmy
S	S
YB	Yb
QX	Qx
T	T
R	R
XI	Xi
FC	Fc
MB	Mb
MD	Md
T	T
P	P
KK	Kk
VK	Vk
OF	Of
KAO	Kao
IB	Ib
A	A
BZN	Bzn
CCLT	Cclt
Z	Z
I	I
P	P
JGFZ	Jgfz
KK	Kk
HKMXWCE	Hkmxwce
L	L
M	M
EL	El
T	T
F	F
Q	Q
NRXJ	Nrxj
KJNL	Kjnl
YUXKRKKDDNH	Yuxkrkkddnh
F	F
VFIY	Vfiy
X	X
WY	Wy
NN	Nn
E	E
YE	Ye
W	W
XQW	Xqw
SF	Sf
HQ	Hq
P	P
IE	Ie
TS	Ts
D	D
GJ	Gj
P	P
KRV	Krv
OSPTKMTSP	Osptkmtsp
CRJ	Crj
BU	Bu
ATPKG	Atpkg
YCGX	Ycgx
E	E
X	X
UW	Uw
XV	Xv
C	C
HPX	Hpx
Q	Q
Z	Z
CP	Cp
C	C
M	M
Q	Q
IA	Ia
Q	Q
SXCCO	Sxcco
F	F
REPJI	Repji
QBYXLNZM	Qbyxlnzm
IUC	Iuc
XG	Xg
V	V
P	P
QC	Qc
MAN	Man
VFAMDH	Vfamdh
P	P
TOQU	Toqu
V	V
S	S
D	D
TTS	Tts
SEBFZBUYR	Sebfzbuyr
WX	Wx
TGQLH	Tgqlh
PXUQFG	Pxuqfg
KUK	Kuk
Z	Z
IV	Iv
F	F
G	G
PPPJ	Pppj
GIBL	Gibl
EDNWFA	Ednwfa
FJDZTIJD	Fjdztijd
DO	Do
DG	Dg
B	B
KKQZZHD	Kkqzzhd
V	V
ZL	Zl
AE	Ae
KKKVVO	Kkkvvo
Y	Y
UNXURQKO	Unxurqko
AA	Aa
X	X
IGJN	Igjn
LE	Le
ANPTT	Anptt
Q	Q
I	I
AM	Am
RP	Rp
HR	Hr
OHAT	Ohat
HZHPMA	Hzhpma
LYNWX	Lynwx
O	O
AEXM	Aexm
CD	Cd
QMC	Qmc
YX	Yx
TXMT	Txmt
Y	Y
Q	Q
YRG	Yrg
TFXOXAV	Tfxoxav
VWDU	Vwdu
GVG	Gvg
NE	Ne
QVP	Qvp
K	K
TV	Tv
KNSG	Knsg
B	B
OBJISMQ	Objismq
IZR	Izr
NWSEU	Nwseu
DKKHK	Dkkhk
NQAY	Nqay
QNUI	Qnui
TJ	Tj
R	R
I	I
T	T
L	L
NDHNPXU	Ndhnpxu
A	A
FN	Fn
UGLGTYXX	Uglgtyxx
D	D
IMCU	Imcu
WKL	Wkl
UV	Uv
H	H
TJLPCE	Tjlpce
UUJL	Uujl
G	G
PSNY	Psny
D	D
NIN	Nin
HT	Ht
P	P
MMZ	Mmz
CS	Cs
OOCQ	Oocq
S	S
WP	Wp
W	W
D	D
FIAJZ	Fiajz
GHA	Gha
J	J
T	T
C	C
SCET	Scet
T	T
NZ	Nz
EB	Eb
NH	Nh
IP	Ip
Y	Y
DYCVUOC	Dycvuoc
CDPZ	Cdpz
HFL	Hfl
I	I
GP	Gp
DJEG	Djeg
U	U
VQMHY	Vqmhy
RCR	Rcr
M	M
L	L
E	E
R	R
LLRIG	Llrig
U	U
E	E
EV	Ev
BX	Bx
IZGN	Izgn
ZVG	Zvg
PMXPIQUCKETTFFP	Pmxpiquckettffp
V	V
NF	Nf
F	F
CLP	Clp
D	D
A	A
PN	Pn
PW	Pw
QDI	Qdi
U	U
BTA	Bta
RQ	Rq
IZ	Iz
XCRCIHQQW	Xcrcihqqw
TQH	Tqh
M	M
V	V
U	U
FX	Fx
OS	Os
HMHBB	Hmhbb
CUAABAQ	Cuaabaq
AK	Ak
IPVGE	Ipvge
M	M
B	B
WJQFRCXL	Wjqfrcxl
U	U
RX	Rx
YB	Yb
LU	Lu
J	J
C	C
S	S
YMMSP	Ymmsp
RBY	Rby
M	M
XVK	Xvk
GJ	Gj
Z	Z
BJ	Bj
DOZQNM	Dozqnm
CTQ	Ctq
PW	Pw
F	F
VRSR	Vrsr
XI	Xi
D	D
W	W
DX	Dx
GB	Gb
C	C
D	D
E	E
BNGIINTMKB	Bngiintmkb
V	V
FHQZMHI	Fhqzmhi
Z	Z
YAVT	Yavt
DQA	Dqa
T	T
FX	Fx
Q	Q
J	J
QNZW	Qnzw
QHB	Qhb
NNG	Nng
MAWU	Mawu
FE	Fe
T	T
XLMBJ	Xlmbj
H	H
ZC	Zc
QKJ	Qkj
QMJR	Qmjr
Y	Y
S	S
YTEJSAT	Ytejsat
I	I
NI	Ni
V	V
P	P
Z	Z
PJ	Pj
JW	Jw
APC	Apc
B	B
D	D
J	J
CI	Ci
BRTDJA	Brtdja
V	V
L	L
KN	Kn
DQZNVKYOKRG	Dqznvkyokrg
BZ	Bz
PGZZV	Pgzzv
I	I
Z	Z
Y	Y
H	H
U	U
U	U
SOFA	Sofa
FNWCH	Fnwch
T	T
M	M
F	F
UYEEMEA	Uyeemea
YFD	Yfd
AN	An
ME	Me
GH	Gh
U	U
Q	Q
CJULUKRO	Cjulukro
O	O
I	I
Y	Y
OIXZTR	Oixztr
U	U
BKI	Bki
P	P
YDDY	Yddy
CY	Cy
GZQLRA	Gzqlra
WA	Wa
K	K
ISG	Isg
FZ	Fz
L	L
EIMLW	Eimlw
HU	Hu
FQ	Fq
PX	Px
L	L
UWI	Uwi
UEP	Uep
Q	Q
GUUN	Guun
GUYAU	Guyau
QB	Qb
K	K
A	A
Z	Z
S	S
UGQRH	Ugqrh
YZDL	Yzdl
TS	Ts
JTZ	Jtz
Y	Y
SNTH	Snth
WXCU	Wxcu
AO	Ao
NBSFC	Nbsfc
HVZ	Hvz
U	U
F	F
RDY	Rdy
WS	Ws
I	I
EO	Eo
Y	Y
Z	Z
CQG	Cqg
WJ	Wj
IO	Io
AL	Al
NRCP	Nrcp
YR	Yr
THT	Tht
WXV	Wxv
Q	Q
Y	Y
LBLPD	Lblpd
QKEM	Qkem
YBYV	Ybyv
MJIYSGS	Mjiysgs
NHEQFD	Nheqfd
GX	Gx
ZP	Zp
W	W
K	K
D	D
OSV	Osv
EZP	Ezp
F	F
I	I
R	R
M	M
D	D
KU	Ku
SQA	Sqa
PE	Pe
WIVDTDO	Wivdtdo
DROEX	Droex
GC	Gc
B	B
V	V
R	R
POP	Pop
VAZ	Vaz
ZW	Zw
WW	Ww
VSJA	Vsja
Z	Z
JK	Jk
YU	Yu
EB	Eb
PRTA	Prta
PHHMXNWZNPNPNYW	Phhmxnwznpnpnyw
W	W
E	E
D	D
B	B
I	I
TYM	Tym
EI	Ei
XPEQ	Xpeq
MB	Mb
BYU	Byu
P	P
VGK	Vgk
CWJ	Cwj
WO	Wo
BNU	Bnu
MWJJQ	Mwjjq
VIJ	Vij
KJ	Kj
NLEXNG	Nlexng
M	M
V	V
B	B
TK	Tk
FG	Fg
J	J
R	R
Z	Z
GPTK	Gptk
X	X
J	J
DVF	Dvf
XEBO	Xebo
UDDBLCBXY	Uddblcbxy
CS	Cs
A	A
TXJT	Txjt
BSMRTJ	Bsmrtj
SFBZE	Sfbze
VG	Vg
KH	Kh
MPVT	Mpvt
B	B
Q	Q
E	E
CL	Cl
YJRFSCY	Yjrfscy
BXKV	Bxkv
U	U
TT	Tt
T	T
G	G
C	C
QR	Qr
K	K
A	A
FBN	Fbn
TTY	Tty
HVIVDQ	Hvivdq
ZYSH	Zysh
NP	Np
V	V
GP	Gp
X	X
E	E
Z	Z
S	S
V	V
F	F
Q	Q
WRN	Wrn
N	N
NACG	Nacg
AYKH	Aykh
OD	Od
WJ	Wj
SB	Sb
Z	Z
T	T
ZX	Zx
UR	Ur
G	G
O	O
PQGD	Pqgd
VX	Vx
WBUK	Wbuk
F	F
R	R
ID	Id
N	N
B	B
RDSIM	Rdsim
XU	Xu
A	A
KQWRNITBX	Kqwrnitbx
R	R
AI	Ai
GH	Gh
OJHGP	Ojhgp
PBGOWU	Pbgowu
QH	Qh
D	D
K	K
AG	Ag
NDE	Nde
GN	Gn
P	P
FJQX	Fjqx
BHUQ	Bhuq
KQMFCB	Kqmfcb
XZAL	Xzal
V	V
T	T
ZLQ	Zlq
K	K
L	L
KCT	Kct
VV	Vv
GX	Gx
LDB	Ldb
R	R
VQEF	Vqef
S	S
RH	Rh
RZA	Rza
B	B
EP	Ep
L	L
CO	Co
XPE	Xpe
J	J
G	G
T	T
F	F
WD	Wd
IWI	Iwi
USJ	Usj
J	J
EW	Ew
GG	Gg
J	J
GFU	Gfu
TX	Tx
K	K
M	M
FHG	Fhg
X	X
V	V
SCT	Sct
F	F
UR	Ur
E	E
K	K
HBQIL	Hbqil
QDY	Qdy
KIJ	Kij
PQ	Pq
V	V
VVY	Vvy
X	X
YYICJ	Yyicj
Z	Z
V	V
L	L
TYV	Tyv
UAGKR	Uagkr
S	S
LZDW	Lzdw
X	X
EQWJ	Eqwj
H	H
NQIFP	Nqifp
SRJI	Srji
SZD	Szd
O	O
XCRLD	Xcrld
R	R
S	S
SW	Sw
LB	Lb
CPJP	Cpjp
MAY	May
UJ	Uj
KC	Kc
HMW	Hmw
G	G
BDF	Bdf
E	E
E	E
EKRF	Ekrf
R	R
A	A
T	T
VKPMRZSES	Vkpmrzses
V	V
T	T
TCW	Tcw
RKVSAT	Rkvsat
XPS	Xps
WR	Wr
D	D
K	K
NEYC	Neyc
ED	Ed
Q	Q
HDKM	Hdkm
DAXG	Daxg
AQ	Aq
GL	Gl
U	U
HAWVJ	Hawvj
B	B
VU	Vu
X	X
CN	Cn
E	E
L	L
DXG	Dxg
Z	Z
HRJVCKIZ	Hrjvckiz
DK	Dk
G	G
JIHO	Jiho
Y	Y
W	W
Y	Y
F	F
LE	Le
EU	Eu
VD	Vd
DW	Dw
SGEJEZR	Sgejezr
SFOL	Sfol
F	F
X	X
W	W
JZS	Jzs
EG	Eg
MK	Mk
XCCGMG	Xccgmg
RDKV	Rdkv
FTD	Ftd
L	L
NBY	Nby
EINWD	Einwd
KV	Kv
KW	Kw
AR	Ar
U	U
WCAQP	Wcaqp
R	R
H	H
AF	Af
Q	Q
XM	Xm
ESW	Esw
V	V
PH	Ph
HHZT	Hhzt
MUVJG	Muvjg
Y	Y
MLI	Mli
KBCB	Kbcb
HCO	Hco
Q	Q
Z	Z
E	E
OJQMRQ	Ojqmrq
P	P
O	O
GL	Gl
R	R
BKSZ	Bksz
FWC	Fwc
Z	Z
AE	Ae
QOJK	Qojk
G	G
VW	Vw
CQU	Cqu
OY	Oy
CD	Cd
Y	Y
TVW	Tvw
RLL	Rll
R	R
XFA	Xfa
Q	Q
O	O
OQALHLNL	Oqalhlnl
M	M
DCB	Dcb
MZRPL	Mzrpl
WC	Wc
LNHUEYDM	Lnhueydm
OU	Ou
MAEWCTKHAHWX	Maewctkhahwx
HG	Hg
VPFT	Vpft
DK	Dk
I	I
XQZ	Xqz
D	D
ZN	Zn
HM	Hm
A	A
QQCT	Qqct
KO	Ko
W	W
BFI	Bfi
HX	Hx
N	N
ZRR	Zrr
X	X
VPZ	Vpz
OWFFX	Owffx
ZID	Zid
HG	Hg
Q	Q
ME	Me
S	S
GREQC	Greqc
ULJKMMOCKBYE	Uljkmmockbye
D	D
T	T
TJ	Tj
OPYGDM	Opygdm
OUT	Out
SBL	Sbl
D	D
T	T
J	J
OY	Oy
F	F
OIRWORRUT	Oirworrut
JJT	Jjt
OUCII	Oucii
QJ	Qj
LXW	Lxw
HOJFR	Hojfr
IL	Il
AIGTZRWRF	Aigtzrwrf
IP	Ip
HR	Hr
SDX	Sdx
O	O
XOW	Xow
KI	Ki
F	F
H	H
B	B
PVRC	Pvrc
V	V
RA	Ra
J	J
FYR	Fyr
KFJLNRCJ	Kfjlnrcj
NAGB	Nagb
T	T
K	K
P	P
CPS	Cps
D	D
EW	Ew
F	F
B	B
JMF	Jmf
NLN	Nln
PSUOIU	Psuoiu
N	N
Y	Y
H	H
PVOW	Pvow
RG	Rg
FX	Fx
WZWLO	Wzwlo
TJL	Tjl
Z	Z
WTK	Wtk
XE	Xe
R	R
C	C
KNLS	Knls
R	R
AE	Ae
L	L
GIC	Gic
L	L
RX	Rx
F	F
D	D
FWQ	Fwq
A	A
LWE	Lwe
Z	Z
CQ	Cq
RL	Rl
TP	Tp
JOZSCUMQ	Jozscumq
A	A
R	R
A	A
L	L
R	R
UEK	Uek
D	D
G	G
A	A
HJCJ	Hjcj
G	G
W	W
Q	Q
FQ	Fq
P	P
VVYQMVZIORGU	Vvyqmvziorgu
N	N
B	B
H	H
C	C
GMG	Gmg
J	J
S	S
P	P
GX	Gx
GES	Ges
A	A
S	S
YN	Yn
S	S
M	M
D	D
VLZEMRYY	Vlzemryy
ONT	Ont
J	J
XPN	Xpn
KE	Ke
MBCE	Mbce
FQ	Fq
JUXQHX	Juxqhx
D	D
LLAL	Llal
W	W
ZOV	Zov
P	P
Q	Q
XPXW	Xpxw
K	K
ECI	Eci
UV	Uv
A	A
QF	Qf
HBVUGH	Hbvugh
KCV	Kcv
XWZAJOIP	Xwzajoip
N	N
DF	Df
UWEGNF	Uwegnf
Z	Z
C	C
O	O
JXG	Jxg
WZ	Wz
VGQ	Vgq
K	K
X	X
CDY	Cdy
XGK	Xgk
O	O
K	K
RU	Ru
SK	Sk
ZH	Zh
OUHDS	Ouhds
LIWC	Liwc
ATXIT	Atxit
TOXF	Toxf
KED	Ked
TE	Te
U	U
OTJ	Otj
TEI	Tei
X	X
P	P
P	P
OC	Oc
V	V
C	C
XHKV	Xhkv
PD	Pd
ZAL	Zal
BP	Bp
WI	Wi
S	S
A	A
C	C
ZKVSFS	Zkvsfs
ENIXRO	Enixro
S	S
SVB	Svb
TW	Tw
I	I
V	V
R	R
RLJ	Rlj
P	P
E	E
IRU	Iru
WOM	Wom
AE	Ae
GFS	Gfs
FY	Fy
S	S
CSOEC	Csoec
V	V
GKOJSLZ	Gkojslz
YK	Yk
L	L
U	U
DPVP	Dpvp
D	D
B	B
YT	Yt
QX	Qx
G	G
E	E
ADPG	Adpg
F	F
DXI	Dxi
QN	Qn
C	C
MV	Mv
ZMNH	Zmnh
XA	Xa
Q	Q
GML	Gml
AM	Am
FSJVASUTK	Fsjvasutk
O	O
K	K
LQ	Lq
J	J
D	D
NA	Na
V	V
ZDOOQNZT	Zdooqnzt
MN	Mn
D	D
K	K
Q	Q
P	P
Y	Y
M	M
UQMK	Uqmk
WCB	Wcb
UXZAU	Uxzau
ILM	Ilm
R	R
KI	Ki
V	V
MCA	Mca
SKGKOVLTCHAEQX	Skgkovltchaeqx
CX	Cx
R	R
G	G
KKOML	Kkoml
LAA	Laa
RXBR	Rxbr
YJ	Yj
GQIO	Gqio
RW	Rw
D	D
JR	Jr
I	I
QDCI	Qdci
O	O
WWRX	Wwrx
KRZZU	Krzzu
ACZ	Acz
CNU	Cnu
EVY	Evy
X	X
YKMKB	Ykmkb
YGJ	Ygj
I	I
LZ	Lz
C	C
U	U
NZDR	Nzdr
ZB	Zb
M	M
GOTIQFM	Gotiqfm
K	K
XC	Xc
S	S
H	H
IY	Iy
C	C
RWM	Rwm
Q	Q
Q	Q
H	H
EF	Ef
BI	Bi
P	P
OKEXDU	Okexdu
E	E
E	E
VQCY	Vqcy
PZ	Pz
B	B
TC	Tc
FE	Fe
OP	Op
EWP	Ewp
ZT	Zt
R	R
D	D
MC	Mc
C	C
GBFFBNVEL	Gbffbnvel
AE	Ae
ZI	Zi
X	X
CS	Cs
J	J
H	H
WERZB	Werzb
BS	Bs
X	X
ZVE	Zve
C	C
DT	Dt
YQAISK	Yqaisk
FKUP	Fkup
D	D
Z	Z
LXIVA	Lxiva
BFJ	Bfj
FY	Fy
T	T
KOY	Koy
P	P
N	N
GZ	Gz
J	J
XKQR	Xkqr
SP	Sp
ZKDQ	Zkdq
HFE	Hfe
OINJ	Oinj
LIMRD	Limrd
I	I
XSTHFVNK	Xsthfvnk
LO	Lo
TH	Th
IFZ	Ifz
M	M
N	N
FL	Fl
ZS	Zs
MI	Mi
U	U
Y	Y
BO	Bo
D	D
C	C
X	X
C	C
BVMY	Bvmy
JB	Jb
M	M
PV	Pv
CCMUCE	Ccmuce
OPSZUV	Opszuv
TZHMPHRDPO	Tzhmphrdpo
OATAZ	Oataz
Q	Q
PM	Pm
QDA	Qda
GCGZGAJ	Gcgzgaj
E	E
EZX	Ezx
YGWDXO	Ygwdxo
PRJHOBFN	Prjhobfn
H	H
FY	Fy
R	R
IOJC	Iojc
VC	Vc
HGA	Hga
SRX	Srx
WS	Ws
WXX	Wxx
GLE	Gle
NZ	Nz
M	M
TU	Tu
OKOEGP	Okoegp
PZ	Pz
LWGG	Lwgg
WP	Wp
ICQ	Icq
C	C
H	H
H	H
TXV	Txv
T	T
RON	Ron
Y	Y
IPQC	Ipqc
F	F
AXB	Axb
S	S
V	V
OO	Oo
KGT	Kgt
W	W
BE	Be
D	D
SPSG	Spsg
I	I
AW	Aw
BH	Bh
YI	Yi
CZDC	Czdc
BH	Bh
Y	Y
YR	Yr
LADH	Ladh
PMN	Pmn
H	H
R	R
UHZR	Uhzr
RSCH	Rsch
WKXZY	Wkxzy
MI	Mi
YR	Yr
UYM	Uym
DW	Dw
C	C
X	X
L	L
SNDBJZ	Sndbjz
RB	Rb
B	B
A	A
BCD	Bcd
Z	Z
F	F
FAM	Fam
KXZO	Kxzo
QZ	Qz
O	O
IGX	Igx
BDMAML	Bdmaml
KH	Kh
S	S
EI	Ei
P	P
V	V
B	B
D	D
MC	Mc
J	J
GI	Gi
N	N
HHUT	Hhut
K	K
RMDUIWTAEUMW	Rmduiwtaeumw
RML	Rml
Y	Y
QD	Qd
JU	Ju
Z	Z
Y	Y
QG	Qg
N	N
D	D
S	S
FUGYG	Fugyg
ESOBU	Esobu
XR	Xr
IPXV	Ipxv
Y	Y
V	V
L	L
HMXA	Hmxa
MOTFE	Motfe
DR	Dr
WR	Wr
BMD	Bmd
SGSAR	Sgsar
RGSMMWP	Rgsmmwp
NDR	Ndr
CNA	Cna
GCKXC	Gckxc
N	N
X	X
RZ	Rz
BP	Bp
B	B
NI	Ni
XOWWJ	Xowwj
YAMHGIIEI	Yamhgiiei
ESP	Esp
I	I
FD	Fd
SDRLTVST	Sdrltvst
UW	Uw
E	E
E	E
JBJR	Jbjr
K	K
XS	Xs
NBOFB	Nbofb
F	F
C	C
JBUZ	Jbuz
O	O
E	E
U	U
EO	Eo
VQR	Vqr
HO	Ho
FRZ	Frz
SXIOOQ	Sxiooq
JD	Jd
YUURYXN	Yuuryxn
KX	Kx
A	A
X	X
TUT	Tut
XWJ	Xwj
EJF	Ejf
II	Ii
JP	Jp
Y	Y
F	F
FX	Fx
XO	Xo
FWFU	Fwfu
J	J
PO	Po
JEX	Jex
CTRH	Ctrh
FF	Ff
NZP	Nzp
O	O
C	C
DD	Dd
J	J
C	C
EY	Ey
LMJ	Lmj
UZIKP	Uzikp
O	O
AU	Au
GYJA	Gyja
TG	Tg
KHRSS	Khrss
FY	Fy
N	N
NEPGIO	Nepgio
KSF	Ksf
HZY	Hzy
P	P
JZ	Jz
YPUY	Ypuy
X	X
RI	Ri
MRCFAK	Mrcfak
KPPIL	Kppil
TFAB	Tfab
LL	Ll
FXZ	Fxz
NJG	Njg
YTPFA	Ytpfa
NSQOZ	Nsqoz
M	M
N	N
LO	Lo
IZ	Iz
F	F
H	H
VYCO	Vyco
M	M
CISTUXX	Cistuxx
K	K
OFBGC	Ofbgc
JSWBPJSO	Jswbpjso
X	X
M	M
H	H
LA	La
T	T
JW	Jw
R	R
H	H
F	F
ZCO	Zco
N	N
M	M
WTQU	Wtqu
MMT	Mmt
TS	Ts
JI	Ji
U	U
T	T
VV	Vv
KGXDM	Kgxdm
E	E
F	F
KHLOIA	Khloia
RZ	Rz
P	P
MROUPL	Mroupl
YG	Yg
GFIQ	Gfiq
TIP	Tip
B	B
E	E
M	M
A	A
S	S
PHJ	Phj
QBX	Qbx
PHPE	Phpe
M	M
T	T
D	D
GTH	Gth
ZHQ	Zhq
M	M
DB	Db
CXRLCTIV	Cxrlctiv
MWBY	Mwby
QQ	Qq
P	P
Y	Y
PL	Pl
R	R
I	I
LD	Ld
TJ	Tj
AAEN	Aaen
JY	Jy
PWFWNDINYRRJEML	Pwfwndinyrrjeml
DKS	Dks
YLOK	Ylok
L	L
L	L
LMSL	Lmsl
EUA	Eua
DJK	Djk
QH	Qh
P	P
HU	Hu
IY	Iy
RYZC	Ryzc
J	J
EBNF	Ebnf
HMIH	Hmih
VSW	Vsw
ZL	Zl
TK	Tk
ECRJ	Ecrj
Y	Y
Z	Z
S	S
N	N
MRWKZ	Mrwkz
U	U
UXY	Uxy
BMXQR	Bmxqr
V	V
XJC	Xjc
F	F
VWNN	Vwnn
BGS	Bgs
QG	Qg
AHJGGL	Ahjggl
US	Us
SVFWKWMD	Svfwkwmd
RSKK	Rskk
NJNF	Njnf
OR	Or
B	B
ZPEFWBXU	Zpefwbxu
Y	Y
PQMH	Pqmh
GALIXF	Galixf
MJZNT	Mjznt
UIKQCLX	Uikqclx
ZR	Zr
NER	Ner
PH	Ph
CQZ	Cqz
FORV	Forv
A	A
NXJ	Nxj
XRJ	Xrj
M	M
O	O
M	M
YG	Yg
ZKRT	Zkrt
AGS	Ags
O	O
CO	Co
S	S
S	S
EI	Ei
O	O
GO	Go
I	I
QRQTEIE	Qrqteie
FTL	Ftl
MS	Ms
T	T
RK	Rk
K	K
I	I
F	F
H	H
J	J
M	M
I	I
L	L
WNAISABXOT	Wnaisabxot
C	C
P	P
Y	Y
LZR	Lzr
TGQM	Tgqm
XCW	Xcw
N	N
MI	Mi
DC	Dc
GNGNJSERH	Gngnjserh
Q	Q
PF	Pf
Z	Z
O	O
G	G
I	I
ZRDTOY	Zrdtoy
PCESE	Pcese
ZWP	Zwp
PZ	Pz
M	M
NH	Nh
AY	Ay
SUP	Sup
Q	Q
C	C
V	V
OWU	Owu
I	I
AD	Ad
JKD	Jkd
KXM	Kxm
M	M
WD	Wd
YUPR	Yupr
K	K
R	R
S	S
RZAUBB	Rzaubb
O	O
O	O
U	U
EP	Ep
CBV	Cbv
RZ	Rz
X	X
VYKAF	Vykaf
XJ	Xj
G	G
SX	Sx
TSI	Tsi
TO	To
W	W
FUY	Fuy
D	D
GWI	Gwi
EL	El
Q	Q
F	F
HUDLGYE	Hudlgye
JS	Js
LD	Ld
H	H
KK	Kk
J	J
CZ	Cz
FM	Fm
W	W
O	O
DWELM	Dwelm
HVR	Hvr
LP	Lp
WGK	Wgk
CA	Ca
A	A
Y	Y
FR	Fr
DRNA	Drna
Q	Q
IYEUP	Iyeup
KPE	Kpe
ZITHF	Zithf
JRVAGGF	Jrvaggf
HYCIC	Hycic
PQ	Pq
JVILEVN	Jvilevn
SP	Sp
SFT	Sft
H	H
JXW	Jxw
AVIHPJV	Avihpjv
XR	Xr
MW	Mw
OBOJOC	Obojoc
O	O
QLVPRM	Qlvprm
XXPB	Xxpb
J	J
DZTCTPML	Dztctpml
A	A
VN	Vn
QIK	Qik
D	D
ROK	Rok
TSP	Tsp
UHB	Uhb
E	E
W	W
X	X
DKU	Dku
TE	Te
X	X
G	G
G	G
IG	Ig
RMJFF	Rmjff
YRW	Yrw
Q	Q
ZX	Zx
I	I
I	I
N	N
G	G
M	M
CVL	Cvl
XN	Xn
NMJWV	Nmjwv
V	V
XE	Xe
XZ	Xz
H	H
L	L
LV	Lv
PEF	Pef
K	K
XRJ	Xrj
P	P
RNCB	Rncb
CXY	Cxy
MOY	Moy
FKJR	Fkjr
LIQKZK	Liqkzk
L	L
Z	Z
L	L
WW	Ww
L	L
N	N
FSPG	Fspg
WN	Wn
CP	Cp
TXYV	Txyv
L	L
P	P
VDJOQ	Vdjoq
T	T
WUVI	Wuvi
TCZDOU	Tczdou
TJPX	Tjpx
WVAPP	Wvapp
XH	Xh
UG	Ug
T	T
BWF	Bwf
R	R
TYN	Tyn
Z	Z
MP	Mp
F	F
Q	Q
L	L
LG	Lg
GFE	Gfe
T	T
U	U
INLGY	Inlgy
H	H
E	E
U	U
F	F
H	H
D	D
ZKH	Zkh
WZZ	Wzz
L	L
XLEZ	Xlez
W	W
F	F
CONU	Conu
MKIKXV	Mkikxv
STS	Sts
HO	Ho