OHGQ	Ohgq
VWS	Vws
V	V
RH	Rh
XJ	Xj
PHXT	Phxt
U	U
A	A
RUNDA	Runda
JI	Ji
S	S
F	F
XS	Xs
ZX	Zx
X	X
Z	Z
JEHRGMEV	Jehrgmev
T	T
A	A
F	F
HH	Hh
XF	Xf
SZ	Sz
ISJ	Isj
I	I
JPZ	Jpz
KJZW	Kjzw
OICL	Oicl
P	P
F	F
W	W
BWBB	Bwbb
SCI	Sci
ADFE	Adfe
L	L
CLY	Cly
AKES	Akes
SV	Sv
IYRYF	Iyryf
B	B
YRJB	Yrjb
CF	Cf
ON	On
X	X
BME	Bme
L	L
AP	Ap
WA	Wa
R	R
PNUW	Pnuw
O	O
ABORP	Aborp
EF	Ef
UVZ	Uvz
UQEQZWZZ	Uqeqzwzz
E	E
ZZAVHDZ	Zzavhdz
UY	Uy
K	K
J	J
N	N
PY	Py
QQHMOZISB	Qqhmozisb
OTH	Oth
IGH	Igh
E	E
KC	Kc
JD	Jd
L	L
TGA	Tga
AXXWQ	Axxwq
MB	Mb
XOFOW	Xofow
T	T
P	P
TW	Tw
Q	Q
H	H
DR	Dr
ABOGUSNG	Abogusng
T	T
I	I
QXIS	Qxis
MHN	Mhn
EH	Eh
EP	Ep
KTW	Ktw
VZISD	Vzisd
SF	Sf
H	H
PU	Pu
QYR	Qyr
Y	Y
SN	Sn
T	T
YHFLM	Yhflm
WE	We
GVIUG	Gviug
P	P
UPW	Upw
BZ	Bz
RN	Rn
XX	Xx
R	R
HINHI	Hinhi
P	P
PA	Pa
K	K
PZYBW	Pzybw
B	B
Q	Q
U	U
BE	Be
DD	Dd
K	K
F	F
JDX	Jdx
UQGXAY	Uqgxay
QFCSC	Qfcsc
LEFZ	Lefz
MAR	Mar
MO	Mo
VZSS	Vzss
PFNTXPOVV	Pfntxpovv
YAT	Yat
Y	Y
PBIUCBAS	Pbiucbas
MX	Mx
PT	Pt
D	D
X	X
S	S
B	B
ZH	Zh
X	X
T	T
ERAS	Eras
IW	Iw
PJ	Pj
O	O
M	M
Y	Y
XZ	Xz
E	E
S	S
V	V
NT	Nt
MPG	Mpg
P	P
EDH	Edh
C	C
T	T
A	A
SRTDWQNA	Srtdwqna
Y	Y
N	N
CHKP	Chkp
JOXNT	Joxnt
BF	Bf
EM	Em
M	M
WT	Wt
T	T
LCK	Lck
ZJB	Zjb
BAWTTG	Bawttg
ZZE	Zze
UF	Uf
Y	Y
REXW	Rexw
Q	Q
F	F
N	N
XI	Xi
X	X
AKF	Akf
F	F
UV	Uv
Q	Q
PNRQSQ	Pnrqsq
D	D
OT	Ot
LIC	Lic
WYNZ	Wynz
AUV	Auv
P	P
ZMFV	Zmfv
XUCPF	Xucpf
JXPAV	Jxpav
R	R
URG	Urg
E	E
XDE	Xde
GD	Gd
MGD	Mgd
DGX	Dgx
Z	Z
U	U
FVM	Fvm
JXR	Jxr
N	N
LCSB	Lcsb
BH	Bh
L	L
B	B
GN	Gn
EUI	Eui
G	G
GDL	Gdl
NHDYXHCK	Nhdyxhck
QW	Qw
UUDG	Uudg
XA	Xa
G	G
FRHNCYAATX	Frhncyaatx
O	O
PBRBBI	Pbrbbi
G	G
MD	Md
UCX	Ucx
F	F
GXYGVT	Gxygvt
D	D
EKUYV	Ekuyv
K	K
I	I
K	K
W	W
H	H
W	W
KHBZR	Khbzr
U	U
CRD	Crd
T	T
ME	Me
OFEJQJM	Ofejqjm
R	R
B	B
XQ	Xq
B	B
O	O
YAIXZEMIJ	Yaixzemij
YH	Yh
H	H
GLS	Gls
U	U
I	I
GY	Gy
F	F
KV	Kv
I	I
Y	Y
MLO	Mlo
X	X
M	M
OCB	Ocb
Q	Q
DV	Dv
EWVBM	Ewvbm
O	O
M	M
B	B
EPZ	Epz
VHE	Vhe
YN	Yn
WAF	Waf
TOLV	Tolv
VH	Vh
PA	Pa
UKHE	Ukhe
T	T
P	P
R	R
Z	Z
I	I
VUBP	Vubp
G	G
F	F
VLITMNN	Vlitmnn
MDBFG	Mdbfg
G	G
FYHZ	Fyhz
WNJAADQ	Wnjaadq
MWSS	Mwss
IPJXCGCGJ	Ipjxcgcgj
HWA	Hwa
NV	Nv
J	J
N	N
MIG	Mig
M	M
FL	Fl
MJ	Mj
E	E
QGD	Qgd
UKL	Ukl
T	T
X	X
S	S
N	N
VY	Vy
LRZXSEQU	Lrzxsequ
S	S
H	H
C	C
XBNVS	Xbnvs
PHR	Phr
M	M
F	F
VC	Vc
WM	Wm
W	W
E	E
TRVL	Trvl
MMR	Mmr
YII	Yii
FYEAAGFCTZNKDY	Fyeaagfctznkdy
NFJE	Nfje
WHTB	Whtb
VI	Vi
G	G
BAZGH	Bazgh
GNB	Gnb
NB	Nb
D	D
GXA	Gxa
JD	Jd
TQ	Tq
I	I
GNW	Gnw
GN	Gn
A	A
Q	Q
NQX	Nqx
B	B
KIQ	Kiq
ROP	Rop
TBX	Tbx
HMTJX	Hmtjx
XOVF	Xovf
PB	Pb
ZHIC	Zhic
XZXEPS	Xzxeps
MFKE	Mfke
AL	Al
RO	Ro
V	V
LJQTEDOUKZHQ	Ljqtedoukzhq
HZHO	Hzho
RHNKDF	Rhnkdf
YE	Ye
Y	Y
WP	Wp
CFY	Cfy
ZJ	Zj
IB	Ib
TQUNO	Tquno
XZJBDPXYA	Xzjbdpxya
A	A
QS	Qs
FW	Fw
GD	Gd
PL	Pl
PN	Pn
JU	Ju
CAY	Cay
C	C
ELT	Elt
JBCQLMB	Jbcqlmb
KT	Kt
YCXFNJXY	Ycxfnjxy
KP	Kp
G	G
QM	Qm
VS	Vs
WV	Wv
WIY	Wiy
R	R
GORH	Gorh
T	T
A	A
SG	Sg
JZBVZC	Jzbvzc
O	O
NCN	Ncn
Z	Z
ELWN	Elwn
VY	Vy
B	B
JSY	Jsy
XI	Xi
ZJ	Zj
KOKSKS	Koksks
P	P
AYE	Aye
P	P
QGNXA	Qgnxa
TIMY	Timy
W	W
PA	Pa
KGFS	Kgfs
T	T
IABO	Iabo
UL	Ul
TCR	Tcr
WR	Wr
B	B
NOSA	Nosa
W	W
KFBP	Kfbp
ED	Ed
C	C
JO	Jo
LRLUAJCDK	Lrluajcdk
W	W
GWSWVQ	Gwswvq
CH	Ch
RJ	Rj
RB	Rb
FF	Ff
YEX	Yex
I	I
Y	Y
BBNBAONZ	Bbnbaonz
RSUHBSK	Rsuhbsk
ZH	Zh
U	U
D	D
L	L
E	E
N	N
AT	At
T	T
ZHTIV	Zhtiv
IFXL	Ifxl
HT	Ht
ZZ	Zz
BOPA	Bopa
KDVWICAY	Kdvwicay
Z	Z
ZUO	Zuo
X	X
H	H
UMVY	Umvy
HG	Hg
UQZ	Uqz
P	P
B	B
GBCUP	Gbcup
K	K
AS	As
ICJU	Icju
JP	Jp
R	R
DSI	Dsi
OD	Od
EDSSCSYFET	Edsscsyfet
X	X
Y	Y
T	T
G	G
NDM	Ndm
OZBGNIA	Ozbgnia
SP	Sp
VV	Vv
D	D
S	S
PPPWJB	Pppwjb
P	P
I	I
NPQOD	Npqod
X	X
MS	Ms
OL	Ol
V	V
T	T
I	I
QCE	Qce
SI	Si
YDM	Ydm
Y	Y
K	K
OLHB	Olhb
YQOX	Yqox
DJN	Djn
R	R
FEYWS	Feyws
N	N
KXZ	Kxz
IH	Ih
E	E
ZD	Zd
HQKTL	Hqktl
UURL	Uurl
R	R
Y	Y
YOTFQ	Yotfq
CQV	Cqv
X	X
YG	Yg
PY	Py
D	D
DOOQL	Dooql
H	H
PIYWJ	Piywj
PKR	Pkr
OBF	Obf
MPTFQ	Mptfq
RX	Rx
E	E
Y	Y
XWY	Xwy
K	K
ZFL	Zfl
PBT	Pbt
JD	Jd
F	F
K	K
A	A
SW	Sw
G	G
GRN	Grn
EE	Ee
QRQB	Qrqb
BMDZP	Bmdzp
G	G
MZLXY	Mzlxy
TX	Tx
QPT	Qpt
S	S
D	D
TVX	Tvx
MLK	Mlk
CKK	Ckk
RK	Rk
M	M
BNA	Bna
KOMJ	Komj
A	A
X	X
F	F
L	L
ZH	Zh
QX	Qx
L	L
JRDNFZRU	Jrdnfzru
O	O
PHO	Pho
V	V
PI	Pi
E	E
H	H
TBM	Tbm
G	G
ZFK	Zfk
N	N
GOQDJ	Goqdj
RNULE	Rnule
Z	Z
S	S
E	E
YA	Ya
R	R
OBIPOZ	Obipoz
E	E
V	V
Q	Q
A	A
P	P
YZL	Yzl
VYMYCM	Vymycm
VY	Vy
FVZHZ	Fvzhz
JH	Jh
VA	Va
PQ	Pq
TR	Tr
FR	Fr
KWSQL	Kwsql
G	G
UM	Um
EEOMZR	Eeomzr
B	B
WQABJBU	Wqabjbu
FGLT	Fglt
EXEDS	Exeds
H	H
V	V
UFUR	Ufur
YNWN	Ynwn
V	V
NC	Nc
XOB	Xob
W	W
W	W
G	G
O	O
W	W
W	W
PRU	Pru
HZ	Hz
I	I
UWW	Uww
M	M
RJDP	Rjdp
XDCJ	Xdcj
EOL	Eol
YUPL	Yupl
AC	Ac
Q	Q
JQT	Jqt
O	O
G	G
D	D
X	X
B	B
XSADJM	Xsadjm
T	T
L	L
MNX	Mnx
NF	Nf
A	A
KSUG	Ksug
W	W
S	S
UFDF	Ufdf
LJ	Lj
RA	Ra
FY	Fy
IKH	Ikh
O	O
MU	Mu
VX	Vx
DG	Dg
LE	Le
ZB	Zb
Y	Y
I	I
E	E
J	J
QUWQ	Quwq
ZLG	Zlg
K	K
PC	Pc
R	R
B	B
PBNUC	Pbnuc
OL	Ol
FC	Fc
V	V
YXNDJDHBJDVFRNC	Yxndjdhbjdvfrnc
D	D
ET	Et
KU	Ku
J	J
K	K
R	R
TLT	Tlt
H	H
IQE	Iqe
EE	Ee
ZJ	Zj
P	P
GYEE	Gyee
TAJRW	Tajrw
GSKP	Gskp
BY	By
GTZ	Gtz
EXC	Exc
A	A
D	D
IH	Ih
M	M
B	B
MOPOZE	Mopoze
R	R
IKFPA	Ikfpa
ZJHY	Zjhy
DXTPHEJUEW	Dxtphejuew
K	K
KM	Km
UH	Uh
I	I
U	U
F	F
GRGBU	Grgbu
D	D
V	V
HBB	Hbb
KB	Kb
Z	Z
Y	Y
PO	Po
AZ	Az
CJIYWLO	Cjiywlo
ATD	Atd
R	R
H	H
A	A
E	E
JH	Jh
Q	Q
BI	Bi
NP	Np
X	X
O	O
BW	Bw
N	N
B	B
FO	Fo
G	G
U	U
Y	Y
M	M
GX	Gx
RX	Rx
D	D
CR	Cr
SLARL	Slarl
FZMBADUKY	Fzmbaduky
W	W
CYL	Cyl
F	F
R	R
SQL	Sql
Z	Z
ECN	Ecn
WW	Ww
LAPW	Lapw
AOF	Aof
N	N
USD	Usd
S	S
T	T
B	B
J	J
FBB	Fbb
TWB	Twb
F	F
HY	Hy
JBNIDVJN	Jbnidvjn
R	R
B	B
ZJO	Zjo
W	W
J	J
M	M
J	J
M	M
DRNSU	Drnsu
E	E
OJZII	Ojzii
X	X
XMBEERY	Xmbeery
MOWZN	Mowzn
I	I
AVAWR	Avawr
PO	Po
OG	Og
L	L
ASG	Asg
CNIWCYU	Cniwcyu
IG	Ig
P	P
SSU	Ssu
R	R
WCIJ	Wcij
A	A
FCWM	Fcwm
MU	Mu
F	F
JGVTVW	Jgvtvw
S	S
DJE	Dje
BE	Be
GN	Gn
R	R
E	E
XP	Xp
KL	Kl
IRLCVYE	Irlcvye
WNQ	Wnq
ZKS	Zks
S	S
IHPB	Ihpb
LU	Lu
I	I
SQG	Sqg
VQ	Vq
X	X
U	U
UYBF	Uybf
HN	Hn
QS	Qs
S	S
DZ	Dz
HXMB	Hxmb
KP	Kp
NM	Nm
H	H
NV	Nv
DN	Dn
J	J
T	T
Z	Z
LY	Ly
KFKOEB	Kfkoeb
B	B
YA	Ya
HO	Ho
EJA	Eja
S	S
GSC	Gsc
WC	Wc
ABL	Abl
G	G
OLQ	Olq
V	V
B	B
QKJA	Qkja
UNEEFRSAGW	Uneefrsagw
M	M
TNSYF	Tnsyf
SL	Sl
DRUR	Drur
HP	Hp
G	G
H	H
C	C
A	A
NN	Nn
F	F
OM	Om
CT	Ct
SG	Sg
A	A
CEAN	Cean
UTG	Utg
A	A
O	O
Z	Z
DDTO	Ddto
U	U
UU	Uu
PZT	Pzt
Y	Y
D	D
E	E
BV	Bv
VU	Vu
BQHJ	Bqhj
KSVT	Ksvt
RSDV	Rsdv
RZU	Rzu
U	U
V	V
SHIOMFDW	Shiomfdw
EI	Ei
Z	Z
RD	Rd
EX	Ex
U	U
P	P
C	C
B	B
U	U
MZBVX	Mzbvx
U	U
M	M
IURP	Iurp
Y	Y
F	F
L	L
HVQ	Hvq
Q	Q
R	R
L	L
MTIJKM	Mtijkm
Z	Z
DPJZV	Dpjzv
G	G
WOD	Wod
MTR	Mtr
TCV	Tcv
YQM	Yqm
W	W
VHYBU	Vhybu
U	U
APM	Apm
JFQJ	Jfqj
E	E
M	M
CT	Ct
F	F
SLWDO	Slwdo
NVXYG	Nvxyg
Z	Z
CPXL	Cpxl
ZA	Za
YY	Yy
KR	Kr
MN	Mn
HFI	Hfi
JUGE	Juge
GR	Gr
Q	Q
LRP	Lrp
E	E
VMZZW	Vmzzw
SFZRN	Sfzrn
TYQ	Tyq
P	P
CXK	Cxk
SDIB	Sdib
QW	Qw
GGI	Ggi
S	S
LMEXXBFNV	Lmexxbfnv
E	E
N	N
FLH	Flh
W	W
WJZ	Wjz
UE	Ue
QF	Qf
T	T
YCLQ	Yclq
DF	Df
YS	Ys
KBMJRY	Kbmjry
COC	Coc
P	P
W	W
W	W
ZJIBXS	Zjibxs
Z	Z
N	N
UBTKAL	Ubtkal
O	O
MX	Mx
K	K
CITY	City
S	S
VRA	Vra
VKKGJV	Vkkgjv
XI	Xi
JROCE	Jroce
Z	Z
LL	Ll
TAPY	Tapy
PJX	Pjx
R	R
I	I
M	M
H	H
JV	Jv
N	N
OCLS	Ocls
J	J
AG	Ag
J	J
G	G
INA	Ina
M	M
JA	Ja
W	W
L	L
VWIGTXP	Vwigtxp
U	U
NDTLZZNEYF	Ndtlzzneyf
SV	Sv
R	R
K	K
G	G
A	A
UETH	Ueth
YDV	Ydv
TA	Ta
TZ	Tz
MN	Mn
IE	Ie
S	S
MZ	Mz
L	L
P	P
AI	Ai
H	H
H	H
JIQ	Jiq
K	K
HLWXBZM	Hlwxbzm
MV	Mv
XW	Xw
O	O
QN	Qn
XF	Xf
TFH	Tfh
K	K
H	H
J	J
TKQC	Tkqc
JW	Jw
XWNWD	Xwnwd
UE	Ue
S	S
HFI	Hfi
CF	Cf
J	J
RV	Rv
X	X
A	A
PO	Po
WKZF	Wkzf
J	J
EPZE	Epze
JC	Jc
Y	Y
ECYQJ	Ecyqj
JTA	Jta
KGF	Kgf
Q	Q
QIZ	Qiz
UTN	Utn
EN	En
TFXX	Tfxx
SWMZM	Swmzm
VN	Vn
L	L
N	N
HIC	Hic
KKUD	Kkud
AHQCW	Ahqcw
NW	Nw
G	G
WG	Wg
ER	Er
AX	Ax
SPW	Spw
YV	Yv
CG	Cg
VUW	Vuw
F	F
MQPD	Mqpd
BYGLFGQT	Byglfgqt
HV	Hv
NJZAAD	Njzaad
DMPR	Dmpr
VMX	Vmx
YWGI	Ywgi
Z	Z
CZX	Czx
INIW	Iniw
UCN	Ucn
I	I
HVTHG	Hvthg
NMP	Nmp
Y	Y
UM	Um
LS	Ls
DCQXI	Dcqxi
ZE	Ze
JHISRYS	Jhisrys
T	T
OMZJG	Omzjg
F	F
Y	Y
R	R
G	G
WRN	Wrn
N	N
DNHUJ	Dnhuj
BFK	Bfk
QSO	Qso
Z	Z
JYSF	Jysf
K	K
MUV	Muv
W	W
IAHA	Iaha
SL	Sl
M	M
X	X
K	K
LH	Lh
P	P
R	R
YBJ	Ybj
H	H
DKDB	Dkdb
DSXU	Dsxu
OOVRM	Oovrm
N	N
RGDHFVG	Rgdhfvg
HMS	Hms
I	I
KCQJXN	Kcqjxn
L	L
HMZDF	Hmzdf
N	N
TZUA	Tzua
WVTEH	Wvteh
K	K
MRMO	Mrmo
D	D
FE	Fe
EB	Eb
O	O
OMX	Omx
Y	Y
DTLK	Dtlk
G	G
K	K
Z	Z
JX	Jx
VR	Vr
YKBO	Ykbo
TJRV	Tjrv
T	T
NHLVJD	Nhlvjd
UN	Un
JXLSZ	Jxlsz
B	B
X	X
T	T
OOZDC	Oozdc
ZOXT	Zoxt
PL	Pl
OWB	Owb
S	S
I	I
O	O
QFF	Qff
PG	Pg
A	A
I	I
D	D
W	W
F	F
DK	Dk
EXIXLT	Exixlt
VKG	Vkg
ZF	Zf
OPWNZXY	Opwnzxy
G	G
M	M
L	L
B	B
OA	Oa
K	K
WL	Wl
YEXS	Yexs
C	C
T	T
QWBOC	Qwboc
CTZM	Ctzm
TJA	Tja
IUJH	Iujh
BGXVQUBHQEG	Bgxvqubhqeg
P	P
E	E
M	M
Y	Y
L	L
H	H
PWS	Pws
HS	Hs
B	B
WJSXHBPY	Wjsxhbpy
KIWCSD	Kiwcsd
S	S
R	R
XUDJDTL	Xudjdtl
DZ	Dz
EJWNT	Ejwnt
Q	Q
VPLTRC	Vpltrc
FD	Fd
O	O
F	F
R	R
TS	Ts
Q	Q
DLW	Dlw
KAY	Kay
CGW	Cgw
PRVARI	Prvari
B	B
QEV	Qev
F	F
JYLOR	Jylor
W	W
JXBR	Jxbr
R	R
K	K
KPGTTVXZ	Kpgttvxz
HCVCO	Hcvco
F	F
MT	Mt
VHQSY	Vhqsy
W	W
K	K
GM	Gm
IIQ	Iiq
GP	Gp
XWCK	Xwck
I	I
ZBUT	Zbut
S	S
Q	Q
WGFNIRW	Wgfnirw
B	B
KLLHOYQUP	Kllhoyqup
UEWFPI	Uewfpi
JBNMK	Jbnmk
BRCHQ	Brchq
FQ	Fq
OQ	Oq
FX	Fx
P	P
G	G
A	A
QHYZ	Qhyz
OD	Od
MMCOR	Mmcor
LLP	Llp
FZ	Fz
CEWZ	Cewz
RY	Ry
AFS	Afs
BN	Bn
RP	Rp
RW	Rw
KAS	Kas
O	O
HD	Hd
J	J
ELOJW	Elojw
X	X
BU	Bu
CBA	Cba
JR	Jr
C	C
O	O
OW	Ow
V	V
YY	Yy
NC	Nc
S	S
V	V
X	X
U	U
WH	Wh
PFB	Pfb
YSDM	Ysdm
VW	Vw
T	T
G	G
WWQ	Wwq
PKE	Pke
NRY	Nry
D	D
SKN	Skn
X	X
P	P
L	L
BBRX	Bbrx
AEF	Aef
QG	Qg
ZDXELGW	Zdxelgw
F	F
S	S
JNN	Jnn
K	K
A	A
O	O
LBTRP	Lbtrp
KHFB	Khfb
Z	Z
TB	Tb
TBII	Tbii
N	N
R	R
Z	Z
X	X
F	F
SVHW	Svhw
L	L
P	P
W	W
CTX	Ctx
MR	Mr
IGE	Ige
SYZG	Syzg
Z	Z
M	M
N	N
U	U
XL	Xl
JL	Jl
O	O
XU	Xu
T	T
L	L
G	G
X	X
M	M
J	J
TYPB	Typb
Z	Z
RA	Ra
Z	Z
B	B
ZE	Ze
X	X
KP	Kp
QL	Ql
PAX	Pax
N	N
ZD	Zd
R	R
UZGED	Uzged
JBRW	Jbrw
QJ	Qj
G	G
G	G
ZXHJKOX	Zxhjkox
W	W
O	O
JJEH	Jjeh
NPA	Npa
N	N
EMZA	Emza
Q	Q
B	B
B	B
N	N
H	H
BA	Ba
OSM	Osm
GC	Gc
KN	Kn
YOY	Yoy
HGTPL	Hgtpl
SJ	Sj
OORC	Oorc
O	O
UOHO	Uoho
AMV	Amv
J	J
B	B
FR	Fr
K	K
EWXD	Ewxd
LGDN	Lgdn
VU	Vu
ZBPN	Zbpn
EZOMN	Ezomn
Z	Z
DT	Dt
ZJJEFGGOJZHMPGR	Zjjefggojzhmpgr
FY	Fy
DKHHUR	Dkhhur
C	C
A	A
LM	Lm
E	E
WWBU	Wwbu
NZLYAWKAP	Nzlyawkap
YRQ	Yrq
MC	Mc
P	P
PY	Py
NCVDH	Ncvdh
AT	At
QBMIQ	Qbmiq
VD	Vd
P	P
V	V
OX	Ox
IQBLMED	Iqblmed
X	X
PGXHVO	Pgxhvo
OMDN	Omdn
FF	Ff
U	U
KS	Ks
UCCC	Uccc
VGC	Vgc
Q	Q
NX	Nx
KAG	Kag
V	V
XRF	Xrf
RMW	Rmw
XYLU	Xylu
D	D
DV	Dv
PKMQIZHYCPY	Pkmqizhycpy
UNGWH	Ungwh
JD	Jd
J	J
DWJ	Dwj
LL	Ll
FQMKTQ	Fqmktq
LV	Lv
UQ	Uq
WCPM	Wcpm
HYS	Hys
OA	Oa
HTS	Hts
J	J
HFM	Hfm
OY	Oy
WUSW	Wusw
SBATN	Sbatn
RS	Rs
WKS	Wks
K	K
K	K
S	S
BO	Bo
JX	Jx
WFIV	Wfiv
M	M
YA	Ya
CQ	Cq
P	P
NB	Nb
G	G
OYWNW	Oywnw
ENU	Enu
IYE	Iye
YIE	Yie
IMB	Imb
ZQ	Zq
I	I
LH	Lh
RF	Rf
T	T
D	D
PN	Pn
PASVUP	Pasvup
BNLFA	Bnlfa
T	T
DA	Da
YX	Yx
S	S
XE	Xe
CAMMSY	Cammsy
N	N
GGYLS	Ggyls
TUXD	Tuxd
J	J
XBHXO	Xbhxo
W	W
AFU	Afu
AW	Aw
AH	Ah
X	X
Z	Z
YZ	Yz
QBC	Qbc
U	U
P	P
DFE	Dfe
KD	Kd
N	N
W	W
EACMRB	Eacmrb
VBYH	Vbyh
IIQ	Iiq
RA	Ra
IHJWW	Ihjww
L	L
FU	Fu
V	V
QVTW	Qvtw
L	L
LQ	Lq
K	K
M	M
PVQ	Pvq
NJBTGI	Njbtgi
R	R
P	P
CQI	Cqi
MMLYJES	Mmlyjes
T	T
B	B
IB	Ib
NS	Ns
MZ	Mz
EDWGJJKVA	Edwgjjkva
M	M
S	S
LHL	Lhl
C	C
EMK	Emk
J	J
D	D
C	C
J	J
PA	Pa
QGTRP	Qgtrp
C	C
BIF	Bif
I	I
F	F
K	K
XFIV	Xfiv
YSZV	Yszv
E	E
XE	Xe
XP	Xp
LG	Lg
A	A
B	B
NZYE	Nzye
G	G
CWIFBY	Cwifby
SU	Su
YXO	Yxo
L	L
N	N
KL	Kl
V	V
T	T
ND	Nd
HJV	Hjv
NN	Nn
ZIR	Zir
E	E
E	E
SSFJ	Ssfj
IRE	Ire
RKX	Rkx
BBRG	Bbrg
L	L
CIR	Cir
V	V
NUFS	Nufs
J	J
R	R
X	X
JBA	Jba
MB	Mb
B	B
KG	Kg
EWCX	Ewcx
EJY	Ejy
Q	Q
I	I
U	U
YJEP	Yjep
F	F
W	W
O	O
E	E
UTNY	Utny
NR	Nr
PEGS	Pegs
FHUMDHDE	Fhumdhde
K	K
HGS	Hgs
EG	Eg
GUN	Gun
C	C
JQ	Jq
HI	Hi
KPS	Kps
I	I
UKLRCSS	Uklrcss
J	J
LGKO	Lgko
CNE	Cne
PC	Pc
SV	Sv
RM	Rm
Q	Q
IKS	Iks
QD	Qd
E	E
WDH	Wdh
V	V
DM	Dm
T	T
Q	Q
I	I
AQV	Aqv
DHI	Dhi
BA	Ba
KGN	Kgn
KIS	Kis
NGCTIKU	Ngctiku
P	P
F	F
L	L
APZ	Apz
IJSM	Ijsm
VF	Vf
IY	Iy
F	F
VPQRMURTR	Vpqrmurtr
HW	Hw
YPEHVX	Ypehvx
H	H
SVG	Svg
Y	Y
GD	Gd
NE	Ne
MCT	Mct
TG	Tg
N	N
YT	Yt
B	B
OBC	Obc
IQ	Iq
OV	Ov
VEBD	Vebd
B	B
SJJH	Sjjh
GGJY	Ggjy
MIXBPFGU	Mixbpfgu
FFK	Ffk
A	A
L	L
CMBPR	Cmbpr
H	H
X	X
MON	Mon
OICDB	Oicdb
OJFXULAU	Ojfxulau
D	D
FMF	Fmf
LXY	Lxy
AEPJAF	Aepjaf
TNZ	Tnz
PAHMCJEWG	Pahmcjewg
NE	Ne
S	S
KV	Kv
M	M
DSUYEMRNNQ	Dsuyemrnnq
K	K
N	N
A	A
T	T
DU	Du
U	U
KTM	Ktm
ZAADOPWKPOSZ	Zaadopwkposz
NT	Nt
FIBN	Fibn
ZJPG	Zjpg
DX	Dx
KZZZMTI	Kzzzmti
AK	Ak
X	X
H	H
SVPCM	Svpcm
X	X
S	S
BN	Bn
KO	Ko
WQME	Wqme
VP	Vp
NL	Nl
KZSS	Kzss
UEGL	Uegl
SY	Sy
P	P
AY	Ay
RTP	Rtp
W	W
VGHIYSDOR	Vghiysdor
EK	Ek
SJSSYFLM	Sjssyflm
JH	Jh
A	A
F	F
TXVPC	Txvpc
A	A
QKO	Qko
KSD	Ksd
Q	Q
IN	In
LYC	Lyc
IZO	Izo
HEAZN	Heazn
GTNR	Gtnr
QNH	Qnh
PT	Pt
LU	Lu
WG	Wg
G	G
K	K
NO	No
AX	Ax
NHZ	Nhz
KN	Kn
AW	Aw
UP	Up
O	O
UH	Uh
QOCBH	Qocbh
M	M
O	O
RID	Rid
PPLYBPYD	Pplybpyd
JJ	Jj
TIJO	Tijo
T	T
GBDFFLSLVI	Gbdfflslvi
H	H
FAC	Fac
JNFLGYGI	Jnflgygi
S	S
WHBI	Whbi
AY	Ay
LWPZJDR	Lwpzjdr
UVS	Uvs
J	J
G	G
QM	Qm
CQG	Cqg
KAZIW	Kaziw
GCD	Gcd
M	M
YOTV	Yotv
Z	Z
LB	Lb
QNB	Qnb
FT	Ft
MXUE	Mxue
AE	Ae
T	T
IHJE	Ihje
PY	Py
BCN	Bcn
BYOKV	Byokv
W	W
T	T
SVTZDQZJ	Svtzdqzj
H	H
CD	Cd
RC	Rc
S	S
EWHRUV	Ewhruv
MM	Mm
IFH	Ifh
WEU	Weu
DM	Dm
XZ	Xz
IUAYED	Iuayed
R	R
DIOYI	Dioyi
B	B
PFRS	Pfrs
T	T
CQTF	Cqtf
KIK	Kik
XSTE	Xste
U	U
OZ	Oz
KMUQZ	Kmuqz
PI	Pi
H	H
E	E
WL	Wl
P	P
UHUL	Uhul
ITGJZBXM	Itgjzbxm
HYTJY	Hytjy
JYI	Jyi
ZRSTBQ	Zrstbq
EXQ	Exq
H	H
Q	Q
C	C
NBS	Nbs
VM	Vm
HNGZQAAZGTQ	Hngzqaazgtq
PN	Pn
ZX	Zx
HHDKQ	Hhdkq
Q	Q
OM	Om
E	E
AWGXDESD	Awgxdesd
VKB	Vkb
BD	Bd
CGF	Cgf
RM	Rm
TKSLFI	Tkslfi
NJ	Nj
SVQOL	Svqol
J	J
YB	Yb
DP	Dp
RHJ	Rhj
J	J
LQA	Lqa
D	D
KR	Kr
R	R
QGO	Qgo
A	A
KGJVRBWEL	Kgjvrbwel
S	S
X	X
YWD	Ywd
HK	Hk
M	M
D	D
W	W
KJSAV	Kjsav
ZCR	Zcr
M	M
P	P
L	L
S	S
MJHB	Mjhb
FI	Fi
KX	Kx
G	G
CKRB	Ckrb
DY	Dy
QKGKSA	Qkgksa
Q	Q
SZ	Sz
K	K
RJZSGG	Rjzsgg
JHIXEY	Jhixey
NZS	Nzs
L	L
LLZC	Llzc
Y	Y
IEC	Iec
G	G
HX	Hx
WNP	Wnp
IEMRJ	Iemrj
R	R
U	U
FLKFWNV	Flkfwnv
N	N
MFQ	Mfq
T	T
YRG	Yrg
DOT	Dot
PPVVP	Ppvvp
CGPK	Cgpk
L	L
OK	Ok
GQBE	Gqbe
TE	Te
VOSNDH	Vosndh
G	G
VFGACNLT	Vfgacnlt
W	W
FZZNWACTM	Fzznwactm
PS	Ps
V	V
N	N
QWL	Qwl
GR	Gr
ZSE	Zse
LI	Li
EF	Ef
X	X
UE	Ue
QPOWF	Qpowf
NF	Nf
M	M
MB	Mb
Z	Z
E	E
V	V
G	G
E	E
ACATE	Acate
PZ	Pz
HYH	Hyh
SL	Sl
M	M
F	F
MVBC	Mvbc
CEP	Cep
O	O
A	A
YB	Yb
HSL	Hsl
GCS	Gcs
L	L
VRE	Vre
C	C
J	J
HJRWPQ	Hjrwpq
UXX	Uxx
AK	Ak
GHMU	Ghmu
Y	Y
AY	Ay
S	S
C	C
J	J
Q	Q
O	O
JXW	Jxw
E	E
B	B
CGZZ	Cgzz
TZ	Tz
X	X
JYT	Jyt
QJ	Qj
O	O
UW	Uw
EK	Ek
HP	Hp
WI	Wi
G	G
NI	Ni
NR	Nr
U	U
HK	Hk
P	P
Q	Q
JGFQ	Jgfq
DD	Dd
BYSS	Byss
Q	Q
W	W
BMF	Bmf
C	C
J	J
PPTI	Ppti
K	K
OAV	Oav
IL	Il
YLH	Ylh
D	D
LDU	Ldu
CI	Ci
X	X
O	O
D	D
F	F
J	J
U	U
AJXL	Ajxl
HLT	Hlt
I	I
S	S
CB	Cb
BA	Ba
YTU	Ytu
EWE	Ewe
EN	En
O	O
T	T
SM	Sm
Y	Y
BZ	Bz
OOL	Ool
WV	Wv
DY	Dy
Q	Q
BN	Bn
TDUF	Tduf
I	I
DILDIU	Dildiu
XO	Xo
W	W
UKE	Uke
A	A
K	K
T	T
X	X
YTZ	Ytz
NS	Ns
TF	Tf
T	T
RN	Rn
A	A
W	W
IRHFGR	Irhfgr
VLFG	Vlfg
B	B
B	B
D	D
GX	Gx
U	U
NX	Nx
AZ	Az
JS	Js
GQ	Gq
YR	Yr
P	P
MNDWPT	Mndwpt
DW	Dw
J	J
DAAWL	Daawl
VI	Vi
VJUKE	Vjuke
N	N
ZLB	Zlb
DQCRWNP	Dqcrwnp
NXI	Nxi
V	V
QKJ	Qkj
V	V
FWZ	Fwz
QJM	Qjm
GKLKJ	Gklkj
XHE	Xhe
LE	Le
TCP	Tcp
ZR	Zr
J	J
F	F
DHN	Dhn
RA	Ra
U	U
R	R
M	M
RQKYXFBPAT	Rqkyxfbpat
DZNGVAKMSULB	Dzngvakmsulb
USDJ	Usdj
QCG	Qcg
H	H
G	G
P	P
C	C
XNUVR	Xnuvr
TUBW	Tubw
FF	Ff
D	D
U	U
BI	Bi
S	S
KOWM	Kowm
X	X
FJ	Fj
A	A
YIKHG	Yikhg
C	C
HON	Hon
GO	Go
FK	Fk
RJ	Rj
VEHD	Vehd
MOJJL	Mojjl
G	G
PKX	Pkx
ITZQT	Itzqt
QN	Qn
ISTFFXV	Istffxv
DYIWF	Dyiwf
F	F
MPTOU	Mptou
PTUY	Ptuy
H	H
UT	Ut
N	N
VLAG	Vlag
QHQ	Qhq
XC	Xc
ODRX	Odrx
LA	La
OT	Ot
YL	Yl
V	V
USQ	Usq
N	N
TSJ	Tsj
DOZ	Doz
SLWM	Slwm
RW	Rw
QM	Qm
H	H
STWCQ	Stwcq
NUMKAE	Numkae
WS	Ws
W	W
JRJ	Jrj
TBGDC	Tbgdc
F	F
XVU	Xvu
EF	Ef
BA	Ba
KLLFH	Kllfh
E	E
W	W
U	U
Y	Y
H	H
XVAXNB	Xvaxnb
B	B
E	E
LSS	Lss
VG	Vg
RP	Rp
P	P
AQ	Aq
MMK	Mmk
T	T
WJKQ	Wjkq
W	W
THRGY	Thrgy
P	P
LPOJ	Lpoj
CKGUAC	Ckguac
Q	Q
ND	Nd
QWG	Qwg
JSV	Jsv
J	J
E	E
UU	Uu
U	U
GO	Go
ADPL	Adpl
W	W
M	M
CBRM	Cbrm
ZWU	Zwu
O	O
GD	Gd
L	L
JNYDSX	Jnydsx
GA	Ga
A	A
WESV	Wesv
X	X
DAA	Daa
Q	Q
OH	Oh
H	H
HA	Ha
IJ	Ij
HOL	Hol
L	L
EE	Ee
LP	Lp
UPNK	Upnk
CWQ	Cwq
LGX	Lgx
FJ	Fj
E	E
V	V
HC	Hc
D	D
ANXR	Anxr
KI	Ki
MZ	Mz
TMZIXQEO	Tmzixqeo
PAM	Pam
JI	Ji
D	D
OQ	Oq
ZNAAISC	Znaaisc
L	L
S	S
WH	Wh
M	M
J	J
DG	Dg
X	X
GF	Gf
SF	Sf
HBQ	Hbq
QUJITZ	Qujitz
NHOYT	Nhoyt
WLONORXM	Wlonorxm
ZVLNGGR	Zvlnggr
H	H
CS	Cs
WHV	Whv
R	R
TRLWVLT	Trlwvlt
YAR	Yar
H	H
IP	Ip
U	U
B	B
T	T
NWAIHJU	Nwaihju
B	B
A	A
VHEONFRL	Vheonfrl
Y	Y
M	M
KYJGV	Kyjgv
NLK	Nlk
YO	Yo
TH	Th
I	I
YRK	Yrk
YSCI	Ysci
C	C
GLMOM	Glmom
HAOV	Haov
GGSGYUZJ	Ggsgyuzj
G	G
Q	Q
YRPK	Yrpk
SASCDZSOS	Sascdzsos
C	C
LNI	Lni
UO	Uo
I	I
GM	Gm
WS	Ws
QCPV	Qcpv
SBBBGZUNBFJ	Sbbbgzunbfj
IQF	Iqf
P	P
CXY	Cxy
KJY	Kjy
O	O
OQ	Oq
HJZ	Hjz
JH	Jh
F	F
H	H
CCAPW	Ccapw
LVWYJ	Lvwyj
CY	Cy
G	G
Y	Y
ADJRTPPHWT	Adjrtpphwt
P	P
W	W
W	W
ZN	Zn
WV	Wv
FOKPSF	Fokpsf
V	V
HZJ	Hzj
FR	Fr
L	L
L	L
K	K
R	R
LU	Lu
GR	Gr
YS	Ys
WBQCX	Wbqcx
SS	Ss
XI	Xi
TPV	Tpv
ONHZGEU	Onhzgeu
YH	Yh
MIZ	Miz
T	T
WNUS	Wnus
N	N
RE	Re
LHWZLMKV	Lhwzlmkv
ZU	Zu
I	I
C	C
PBWX	Pbwx
SDO	Sdo
RAR	Rar
PH	Ph
NYN	Nyn
T	T
AW	Aw
F	F
G	G
ZY	Zy
P	P
BAO	Bao
G	G
WLTTG	Wlttg
WHD	Whd
V	V
W	W
WXKI	Wxki
RY	Ry
ZRA	Zra
IPCJFK	Ipcjfk
N	N
Z	Z
JEWVQG	Jewvqg
UJ	Uj
WD	Wd
FGKML	Fgkml
ZA	Za
WOE	Woe
SFIDHG	Sfidhg
MNE	Mne
OGFTMBGOXNML	Ogftmbgoxnml
SKFM	Skfm
P	P
W	W
A	A
AR	Ar
CKE	Cke
CER	Cer
J	J
K	K
SP	Sp
E	E
UI	Ui
FX	Fx
PG	Pg
CUW	Cuw
GX	Gx
TD	Td
W	W
D	D
CV	Cv
DPY	Dpy
D	D
TU	Tu
FEXJIFJFU	Fexjifjfu
HKRV	Hkrv
LE	Le
UOMA	Uoma
XQSXCMWS	Xqsxcmws
FXASA	Fxasa
YM	Ym
Y	Y
GXT	Gxt
FI	Fi
TY	Ty
FXXK	Fxxk
R	R
E	E
G	G
O	O
EFMVJ	Efmvj
G	G
U	U
ODDN	Oddn
IOWGQF	Iowgqf
UZEENC	Uzeenc
MX	Mx
POEHC	Poehc
II	Ii
OSY	Osy
XQEZ	Xqez
L	L
YP	Yp
XWKHO	Xwkho
IDF	Idf
A	A
QS	Qs
LRJTD	Lrjtd
DWW	Dww
S	S
XG	Xg
BGYCQEZ	Bgycqez
OMK	Omk
RJ	Rj
PW	Pw
CHOCI	Choci
J	J
OBYOL	Obyol
BHS	Bhs
SD	Sd
X	X
QY	Qy
ZMRQEFIUG	Zmrqefiug
OMCP	Omcp
UZ	Uz
H	H
G	G
J	J
LDSKJ	Ldskj
P	P
JK	Jk
V	V
RTY	Rty
JBL	Jbl
AL	Al
ZR	Zr
CQMA	Cqma
QTG	Qtg
F	F
M	M
X	X
X	X
VB	Vb
QBPJLWGBBW	Qbpjlwgbbw
C	C
T	T
SJ	Sj
ICP	Icp
JD	Jd
MGJXYDKXXG	Mgjxydkxxg
OK	Ok
JGRL	Jgrl
O	O
J	J
ITEKZ	Itekz
O	O
I	I
Y	Y
EAIZS	Eaizs
BI	Bi
F	F
XRPBZ	Xrpbz
IX	Ix
CV	Cv
LF	Lf
N	N
JI	Ji
PM	Pm
PY	Py
G	G
X	X
IDCO	Idco
XB	Xb
PZ	Pz
X	X
D	D
ZZN	Zzn
W	W
O	O
Z	Z
CSQ	Csq
S	S
TKIFM	Tkifm
TQ	Tq
ZNPKCAB	Znpkcab
HFYDD	Hfydd
N	N
ET	Et
C	C
J	J
Y	Y
WR	Wr
HC	Hc
X	X
IH	Ih
YUR	Yur
XXPQ	Xxpq
XM	Xm
UA	Ua
S	S
EA	Ea
ONMOMCFYT	Onmomcfyt
QPM	Qpm
Q	Q
FT	Ft
A	A
LMU	Lmu
P	P
B	B
G	G
ATNC	Atnc
FNDNC	Fndnc
V	V
H	H
BAPE	Bape
Y	Y
KBI	Kbi
TPLP	Tplp
K	K
HSZ	Hsz
J	J
ZSP	Zsp
J	J
TY	Ty
QS	Qs
SR	Sr
D	D
MRL	Mrl
I	I
CL	Cl
BIZ	Biz
FORICZMZG	Foriczmzg
O	O
F	F
J	J
CEHVLANC	Cehvlanc
FYVHR	Fyvhr
W	W
BXT	Bxt
Z	Z
Y	Y
XJKWVEU	Xjkwveu
C	C
PT	Pt
OIE	Oie
UH	Uh
O	O
XQ	Xq
K	K
FVY	Fvy
S	S
KZRUF	Kzruf
ZL	Zl
U	U
H	H
WFRE	Wfre
SEDJKI	Sedjki
CQL	Cql
A	A
O	O
CR	Cr
QLJAK	Qljak
JU	Ju
V	V
I	I
O	O
G	G
I	I
GQ	Gq
UB	Ub
IJXOCM	Ijxocm
G	G
YLLQKI	Yllqki
RDCEWF	Rdcewf
MG	Mg
GKO	Gko
D	D
H	H
J	J
ZG	Zg
FVNNZWDJPKBGX	Fvnnzwdjpkbgx
AB	Ab
F	F
QEQ	Qeq
EX	Ex
W	W
H	H
CUHYS	Cuhys
YF	Yf
HGI	Hgi
MVMGKZ	Mvmgkz
ZGRBFPCRNYBL	Zgrbfpcrnybl
M	M
JR	Jr
G	G
J	J
PNVTL	Pnvtl
YHC	Yhc
E	E
S	S
C	C
H	H
MKH	Mkh
A	A
OH	Oh
ZO	Zo
FWFH	Fwfh
O	O
GN	Gn
HCV	Hcv
W	W
CM	Cm
SPM	Spm
D	D
GU	Gu
C	C
VWU	Vwu
R	R
MW	Mw
JJWWYZ	Jjwwyz
ZS	Zs
ZC	Zc
B	B
CXWQFQBH	Cxwqfqbh
LJVA	Ljva
MLIO	Mlio
LSTUSPV	Lstuspv
GET	Get
R	R
X	X
CYX	Cyx
VOZDWBWRW	Vozdwbwrw
T	T
COSZIBDFS	Coszibdfs
HQER	Hqer
TT	Tt
LE	Le
XDMCHSWPI	Xdmchswpi
A	A
J	J
S	S
A	A
E	E
IM	Im
OB	Ob
RO	Ro
CY	Cy
ZD	Zd
WAH	Wah
KAZ	Kaz
FV	Fv
QTNZNEF	Qtnznef
HD	Hd
HRT	Hrt
QHKA	Qhka
D	D
A	A
HQ	Hq
G	G
S	S
V	V
LRXL	Lrxl
B	B
Q	Q
NISF	Nisf
N	N
CKINSTTAQGDIKVSX	Ckinsttaqgdikvsx
KDYP	Kdyp
EJMWP	Ejmwp
XGNPDSW	Xgnpdsw
XP	Xp
IYVJE	Iyvje
U	U
ZWVZ	Zwvz
YD	Yd
T	T
KR	Kr
ZWQH	Zwqh
F	F
O	O
WHGTD	Whgtd
V	V
OBN	Obn
W	W
XNT	Xnt
C	C
O	O
VHGASXFT	Vhgasxft
Z	Z
X	X
Y	Y
R	R
KGFSJVDLUORL	Kgfsjvdluorl
H	H
Q	Q
NKF	Nkf
IGP	Igp
QMU	Qmu
FFVGY	Ffvgy
KA	Ka
RPPPNC	Rpppnc
S	S
F	F
NC	Nc
BW	Bw
UEE	Uee
XIXS	Xixs
EBQO	Ebqo
R	R
ESNN	Esnn
VV	Vv
SWOR	Swor
WD	Wd
M	M
E	E
FG	Fg
UXDE	Uxde
N	N
X	X
YMYPJ	Ymypj
GI	Gi
HO	Ho
O	O
ZXVYHP	Zxvyhp
T	T
Z	Z
YEU	Yeu
LWXMAS	Lwxmas
K	K
V	V
MTLDBZA	Mtldbza
COOP	Coop
TJ	Tj
G	G
J	J
PB	Pb
MA	Ma
GW	Gw
ZHW	Zhw
A	A
R	R
XZ	Xz
W	W
UANS	Uans
ZXG	Zxg
V	V
MX	Mx
R	R
XKH	Xkh
SZKD	Szkd
ISI	Isi
TGIFZUT	Tgifzut
LN	Ln
F	F
W	W
EJ	Ej
JLR	Jlr
E	E
NAQD	Naqd
UX	Ux
PH	Ph
YYNDUOZ	Yynduoz
W	W
X	X
HCX	Hcx
E	E
LWEVD	Lwevd
B	B
PI	Pi
S	S
XBZJ	Xbzj
YG	Yg
PYFA	Pyfa
Q	Q
H	H
VO	Vo
ROR	Ror
NI	Ni
SSZ	Ssz
X	X
LCHR	Lchr
JIEQ	Jieq
L	L
N	N
RXL	Rxl
P	P
O	O
AZ	Az
U	U
O	O
B	B
IU	Iu
EX	Ex
L	L
LZL	Lzl
KBJ	Kbj
YRQS	Yrqs
Y	Y
YBMLOJ	Ybmloj
V	V
OL	Ol
O	O
MRCRP	Mrcrp
OMRJSJCH	Omrjsjch
U	U
RZTMWCQUFAVQH	Rztmwcqufavqh
SE	Se
LNGAKX	Lngakx
WFRGWYTH	Wfrgwyth
N	N
KK	Kk
HM	Hm
QR	Qr
V	V
SK	Sk
I	I
LOXWM	Loxwm
TYW	Tyw
EJ	Ej
I	I
W	W
PM	Pm
D	D
QDRVF	Qdrvf
ZP	Zp
BR	Br
UJC	Ujc
U	U
F	F
BLPX	Blpx
M	M
T	T
A	A
C	C
B	B
UN	Un
GX	Gx
AG	Ag
X	X
VRPAJT	Vrpajt
A	A
X	X
ZEMS	Zems
WQHD	Wqhd
S	S
JV	Jv
HA	Ha
DDDA	Ddda
H	H
L	L
UVGSCC	Uvgscc
Q	Q
Y	Y
G	G
A	A
V	V
TO	To
SCM	Scm
OJXQPI	Ojxqpi
K	K
ATTME	Attme
GZ	Gz
G	G
TC	Tc
VT	Vt
RF	Rf
CEEGYXM	Ceegyxm
XK	Xk
HDZ	Hdz
YSLHV	Yslhv
KQT	Kqt
PNKJZ	Pnkjz
ATDM	Atdm
LLP	Llp
NB	Nb
D	D
FIYD	Fiyd
V	V
CZ	Cz
PFIFM	Pfifm
KSNOULL	Ksnoull
EPI	Epi
A	A
RY	Ry
RHBSKR	Rhbskr
V	V
CN	Cn
SC	Sc
PESZDTY	Peszdty
L	L
IRZU	Irzu
ZF	Zf
G	G
WLW	Wlw
V	V
I	I
Z	Z
UI	Ui
Z	Z
OF	Of
VM	Vm
Y	Y
K	K
NRG	Nrg
C	C
RBJBMMRHJWEIKN	Rbjbmmrhjweikn
FU	Fu
JJK	Jjk
J	J
KAVS	Kavs
M	M
I	I
PHA	Pha
UW	Uw
S	S
Z	Z
VK	Vk
W	W
VCR	Vcr
LDM	Ldm
U	U
YFZK	Yfzk
IJ	Ij
LGO	Lgo
O	O
BEL	Bel
H	H
CGDY	Cgdy
AEYS	Aeys
QL	Ql
D	D
VQJY	Vqjy
A	A
X	X
C	C
E	E
MSNGO	Msngo
RWG	Rwg
E	E
W	W
A	A
U	U
SEO	Seo
VGMSS	Vgmss
IZ	Iz
G	G
B	B
KJ	Kj
ZJ	Zj
T	T
F	F
PN	Pn
N	N
O	O
UOUO	Uouo
U	U
C	C
XEOEF	Xeoef
T	T
PD	Pd
ME	Me
P	P
BXN	Bxn
M	M
EUHNMS	Euhnms
Q	Q
Z	Z
P	P
RQA	Rqa
YT	Yt
W	W
OG	Og
BHQPR	Bhqpr
RLPQL	Rlpql
VKBJJ	Vkbjj
T	T
BS	Bs
DK	Dk
TJP	Tjp
RGA	Rga
M	M
D	D
BFUON	Bfuon
RCBXDJGCD	Rcbxdjgcd
N	N
XKA	Xka
PRX	Prx
G	G
PIXV	Pixv
G	G
G	G
FK	Fk
GE	Ge
IJIAT	Ijiat
W	W
O	O
LX	Lx
UN	Un
O	O
PS	Ps
T	T
G	G
ODV	Odv
P	P
PH	Ph
Q	Q
T	T
FT	Ft
OWN	Own
OA	Oa
IRU	Iru
DP	Dp
E	E
ERD	Erd
QI	Qi
OVDR	Ovdr
D	D
WGL	Wgl
B	B
OYYD	Oyyd
DYLA	Dyla
DCEXFUFO	Dcexfufo
XH	Xh
NM	Nm
XUOJ	Xuoj
NX	Nx
RH	Rh
Y	Y
VDZ	Vdz
HY	Hy
HVCEH	Hvceh
AA	Aa
P	P
BB	Bb
P	P
K	K
FZ	Fz
YJD	Yjd
U	U
YO	Yo
ESXORYHJ	Esxoryhj
J	J
O	O
PK	Pk
G	G
P	P
D	D
OUL	Oul
A	A
QHZ	Qhz
V	V
POUEJ	Pouej
V	V
IL	Il
VV	Vv
LTQ	Ltq
AH	Ah
KR	Kr
K	K
Q	Q
V	V
MRXE	Mrxe
XV	Xv
D	D
N	N
WEUT	Weut
Q	Q
FWRJL	Fwrjl
CMXV	Cmxv
MA	Ma
LDME	Ldme
CQH	Cqh
YMX	Ymx
K	K
XK	Xk
YJCL	Yjcl
FVE	Fve
G	G
B	B
B	B
UEP	Uep
GOS	Gos
D	D
JXL	Jxl
XLU	Xlu
X	X
A	A
SRTKX	Srtkx
X	X
LRIHTU	Lrihtu
YU	Yu
NTY	Nty
F	F
Q	Q
OJ	Oj
CLQZM	Clqzm
E	E
SVT	Svt
IPB	Ipb
G	G
GA	Ga
STE	Ste
VU	Vu
NCD	Ncd
YXYEFGHBA	Yxyefghba
D	D
G	G
HZF	Hzf
N	N
UJ	Uj
C	C
J	J
T	T
COZB	Cozb
I	I
LELUYS	Leluys
K	K
KDYT	Kdyt
XSUJD	Xsujd
X	X
ZPH	Zph
JL	Jl
WTWG	Wtwg
BY	By
V	V
G	G
K	K
T	T
PKI	Pki
MD	Md
U	U
Z	Z
XVE	Xve
L	L
URWZKV	Urwzkv
NB	Nb
AK	Ak
TWIKH	Twikh
M	M
TCN	Tcn
JPEI	Jpei
NAF	Naf
V	V
L	L
A	A
YK	Yk
BPLTOIV	Bpltoiv
HS	Hs
X	X
YRPAK	Yrpak
SL	Sl
JX	Jx
FQG	Fqg
B	B
R	R
C	C
QK	Qk
SD	Sd
H	H
ZL	Zl
NQ	Nq
DGG	Dgg
M	M
E	E
U	U
OF	Of
YWO	Ywo
KQ	Kq
RQJS	Rqjs
JQLKU	Jqlku
QD	Qd
R	R
N	N
A	A
PEOA	Peoa
Y	Y
GUX	Gux
LUL	Lul
GLRMIJ	Glrmij
CJU	Cju
P	P
CEOIDV	Ceoidv
AIIH	Aiih
CP	Cp
N	N
H	H
CXLF	Cxlf
UC	Uc
J	J
Y	Y
J	J
E	E
IVY	Ivy
QY	Qy
JW	Jw
E	E
L	L
M	M
CFL	Cfl
Z	Z
JKM	Jkm
R	R
V	V
QD	Qd
GVQ	Gvq
GA	Ga
PVZW	Pvzw
G	G
K	K
TB	Tb
HSWPOU	Hswpou
LZILQTG	Lzilqtg
RCUG	Rcug
WFC	Wfc
Z	Z
YY	Yy
M	M
VSVAP	Vsvap
F	F
RL	Rl
A	A
PGX	Pgx
F	F
ZRRSLNZ	Zrrslnz
YNFDH	Ynfdh
PBX	Pbx
N	N
DYR	Dyr
G	G
O	O
D	D
DPSMTTFEQ	Dpsmttfeq
MRH	Mrh
MQV	Mqv
JDRV	Jdrv
O	O
AQYJ	Aqyj
G	G
DD	Dd
ZD	Zd
K	K
M	M
QOHV	Qohv
O	O
OB	Ob
H	H
QTUUD	Qtuud
FVQOA	Fvqoa
WP	Wp
A	A
NFJV	Nfjv
QCJ	Qcj
XB	Xb
H	H
U	U
C	C
PAF	Paf
KZ	Kz
WRF	Wrf
C	C
IR	Ir
JY	Jy
EFY	Efy
TMLUIX	Tmluix
O	O
T	T
ZINTUA	Zintua
GY	Gy
SS	Ss
UVY	Uvy
O	O
FK	Fk
T	T
JX	Jx
EX	Ex
K	K
J	J
MBH	Mbh
L	L
VMGRPLH	Vmgrplh
UG	Ug
O	O
EIX	Eix
X	X
JA	Ja
KX	Kx
Q	Q
WY	Wy
ES	Es
G	G
XZ	Xz
N	N
V	V
VH	Vh
LH	Lh
O	O
JBTGA	Jbtga
NZO	Nzo
SWQBEB	Swqbeb
ER	Er
NHMD	Nhmd
V	V
OXY	Oxy
FVZ	Fvz
CXR	Cxr
OJR	Ojr
HBQY	Hbqy
BKQ	Bkq
OBZOGZZ	Obzogzz
PZEA	Pzea
GGQR	Ggqr
S	S
R	R
IQF	Iqf
NDXW	Ndxw
H	H
I	I
I	I
DK	Dk
G	G
XUEV	Xuev
ISVX	Isvx
C	C
I	I
SAXDQ	Saxdq
D	D
J	J
O	O
W	W
N	N
HV	Hv
LZU	Lzu
J	J
AUGMX	Augmx
R	R
JNB	Jnb
CEJ	Cej
ZX	Zx
JPQPQDCXRUMFF	Jpqpqdcxrumff
M	M
XIEJ	Xiej
XGZ	Xgz
YYMOX	Yymox
HTZ	Htz
PDJEZGAQC	Pdjezgaqc
WL	Wl
F	F
YAY	Yay
P	P
L	L
T	T
PA	Pa
WHQ	Whq
G	G
MICYV	Micyv
JASVMIF	Jasvmif
U	U
FENZ	Fenz
GD	Gd
R	R
SCIMESJ	Scimesj
U	U
H	H
YXT	Yxt
X	X
S	S
MB	Mb
OIPILA	Oipila
S	S
OK	Ok
XA	Xa
VV	Vv
N	N
P	P
FZZY	Fzzy
IVN	Ivn
E	E
LUEUBDHTDG	Lueubdhtdg
AN	An
CH	Ch
U	U
J	J
UDU	Udu
C	C
IW	Iw
NZVB	Nzvb
P	P
LYU	Lyu
J	J
F	F
N	N
C	C
KM	Km
A	A
EAML	Eaml
WGUW	Wguw
L	L
A	A
K	K
EM	Em
GSU	Gsu
HC	Hc
J	J
RBEIR	Rbeir
Z	Z
I	I
AGXYFNGSVLYG	Agxyfngsvlyg
CNY	Cny
I	I
UYZTOLG	Uyztolg
CMUQ	Cmuq
HZS	Hzs
KM	Km
V	V
CIP	Cip
HM	Hm
LJT	Ljt
H	H
JD	Jd
WGY	Wgy
NE	Ne
XQ	Xq
F	F
BZ	Bz
Z	Z
X	X
JC	Jc
BQM	Bqm
QEIO	Qeio
P	P
LTW	Ltw
Q	Q
DZ	Dz
H	H
UAMCIG	Uamcig
MN	Mn
M	M
M	M
DJ	Dj
HABMK	Habmk
ZVWZZJ	Zvwzzj
R	R
OKA	Oka
G	G
FK	Fk
XXE	Xxe
L	L
S	S
PF	Pf
Y	Y
Z	Z
ITTYNNHYPO	Ittynnhypo
J	J
C	C
RRQXTBPOORDAS	Rrqxtbpoordas
BK	Bk
N	N
X	X
Q	Q
N	N
IC	Ic
QN	Qn
QU	Qu
W	W
Y	Y
TN	Tn
LXMC	Lxmc
R	R
NN	Nn
F	F
FJ	Fj
U	U
DL	Dl
MW	Mw
LOMXR	Lomxr
QJD	Qjd
YS	Ys
XA	Xa
EUM	Eum
D	D
B	B
H	H
BN	Bn
WL	Wl
BF	Bf
A	A
SJQUIN	Sjquin
TTRFY	Ttrfy
MZAWZRKJTD	Mzawzrkjtd
HV	Hv
STZE	Stze
NIKTNK	Niktnk
GLHJLJ	Glhjlj
F	F
Q	Q
EJ	Ej
Y	Y
R	R
B	B
W	W
Y	Y
OBTXM	Obtxm
SGOZ	Sgoz
G	G
R	R
BG	Bg
RUSU	Rusu
VN	Vn
PJ	Pj
G	G
O	O
NV	Nv
DO	Do
NO	No
IY	Iy
L	L
MJH	Mjh
RP	Rp
WM	Wm
H	H
C	C
KQX	Kqx
VGQMTE	Vgqmte
RTTOF	Rttof
COG	Cog
JLOX	Jlox
BT	Bt
RO	Ro
VA	Va
R	R
XFC	Xfc
Y	Y
W	W
ATM	Atm
VH	Vh
AUGIF	Augif
X	X
R	R
QA	Qa
W	W
QQ	Qq
M	M
E	E
IUW	Iuw
FJ	Fj
KE	Ke
P	P
OE	Oe
WXQ	Wxq
LPU	Lpu
H	H
ND	Nd
GA	Ga
GHL	Ghl
JCVI	Jcvi
SEG	Seg
X	X
KD	Kd
SOKY	Soky
Q	Q
F	F
E	E
LJ	Lj
Z	Z
O	O
KHFKHQ	Khfkhq
EDD	Edd
MAKK	Makk
T	T
MV	Mv
ZVDK	Zvdk
KAX	Kax
TVPJ	Tvpj
XMAM	Xmam
S	S
IEG	Ieg
JFHMBAC	Jfhmbac
BM	Bm
HSKDDMUWVE	Hskddmuwve
UQT	Uqt
O	O
DA	Da
H	H
BW	Bw
YODEA	Yodea
C	C
ZW	Zw
UNMVXG	Unmvxg
S	S
H	H
L	L
L	L
V	V
T	T
AP	Ap
I	I
D	D
W	W
G	G
EI	Ei
S	S
JIQWLXKTHECC	Jiqwlxkthecc
ZOFH	Zofh
S	S
CF	Cf
OOT	Oot
AV	Av
XLC	Xlc
GQAOK	Gqaok
Q	Q
E	E
E	E
IO	Io
Z	Z
MBRNODVV	Mbrnodvv
H	H
IJ	Ij
UUX	Uux
NWHWTZ	Nwhwtz
HST	Hst
CQK	Cqk
WOX	Wox
Y	Y
MK	Mk
E	E
O	O
WLPIGH	Wlpigh
OBA	Oba
DV	Dv
VX	Vx
R	R
ZH	Zh
G	G
IXQ	Ixq
CU	Cu
VR	Vr
L	L
HUP	Hup
JC	Jc
TGF	Tgf
AQNQ	Aqnq
ZC	Zc
X	X
AAA	Aaa
YFKTH	Yfkth
UNPZB	Unpzb
KAIY	Kaiy
YK	Yk
NB	Nb
FU	Fu
D	D
YMNF	Ymnf
RLJ	Rlj
N	N
CJK	Cjk
X	X
UDW	Udw
JZDX	Jzdx
NE	Ne
VBG	Vbg
WYN	Wyn
MF	Mf
EOW	Eow
ZR	Zr
M	M
EPH	Eph
IT	It
VRIQZMZQI	Vriqzmzqi
HI	Hi
AXAU	Axau
M	M
V	V
A	A
SE	Se
XJGKQ	Xjgkq
C	C
NLTPG	Nltpg
M	M
X	X
FB	Fb
P	P
Q	Q
I	I
TC	Tc
BSG	Bsg
O	O
MXQC	Mxqc
LKQYI	Lkqyi
N	N
A	A
WWXBMIOF	Wwxbmiof
B	B
IAYXGFPEM	Iayxgfpem
Y	Y
KEPKNO	Kepkno
ZXTZ	Zxtz
NKRSTY	Nkrsty
J	J
JP	Jp
R	R
VJAS	Vjas
XLF	Xlf
S	S
J	J
V	V
W	W
YC	Yc
HNG	Hng
WSL	Wsl
GANF	Ganf
P	P
UD	Ud
W	W
C	C
C	C
EQ	Eq
UL	Ul
NT	Nt
HNI	Hni
S	S
OYO	Oyo
UT	Ut
L	L
NKZ	Nkz
C	C
KZ	Kz
A	A
PK	Pk
L	L
D	D
U	U
T	T
KJIHURAOS	Kjihuraos
I	I
YJ	Yj
ZB	Zb
L	L
L	L
PJ	Pj
I	I
Y	Y
RQLH	Rqlh
O	O
N	N
LS	Ls
CXXB	Cxxb
Z	Z
MZTCNPODZD	Mztcnpodzd
P	P
XW	Xw
STUAK	Stuak
AO	Ao
ES	Es
CRDUP	Crdup
E	E
PLC	Plc
PM	Pm
QC	Qc
H	H
A	A
FF	Ff
HUGZEHVNDY	Hugzehvndy
P	P
DT	Dt
QDLUZ	Qdluz
GUZXBFYVOIN	Guzxbfyvoin
H	H
GKZYGQ	Gkzygq
KZ	Kz
AYD	Ayd
JXX	Jxx
WYWEN	Wywen
U	U
Z	Z
PX	Px
Y	Y
B	B
JB	Jb
Z	Z
T	T
EC	Ec
GWHSE	Gwhse
WFA	Wfa
GM	Gm
OL	Ol
IX	Ix
QR	Qr
NXIZT	Nxizt
MSFB	Msfb
AMVR	Amvr
YLG	Ylg
QT	Qt
WY	Wy
VN	Vn
ER	Er
CM	Cm
N	N
UHN	Uhn
UKOER	Ukoer
N	N
RHTA	Rhta
RWAAAH	Rwaaah
K	K
QZ	Qz
WUQ	Wuq
QRGEMQ	Qrgemq
YVN	Yvn
I	I
KXQ	Kxq
UY	Uy
XCM	Xcm
WX	Wx
Y	Y
QQ	Qq
BS	Bs
X	X
A	A
J	J
LAS	Las
PKNGF	Pkngf
B	B
MW	Mw
LKLUG	Lklug
ZTO	Zto
UE	Ue
H	H
XGML	Xgml
SDCU	Sdcu
HJ	Hj
R	R
I	I
I	I
TJF	Tjf
RFV	Rfv
YPFT	Ypft
Z	Z
KVEC	Kvec
I	I
HI	Hi
FQF	Fqf
UK	Uk
KX	Kx
LO	Lo
GO	Go
T	T
VWO	Vwo
P	P
FSD	Fsd
SVZGXR	Svzgxr
XQC	Xqc
Z	Z
QKAKPXPY	Qkakpxpy
NJ	Nj
T	T
UQZ	Uqz
UV	Uv
C	C
E	E
OWCH	Owch
ANZ	Anz
XFR	Xfr
YKL	Ykl
SF	Sf
RKB	Rkb
I	I
V	V
EZQ	Ezq
MSJSQ	Msjsq
FP	Fp
MDI	Mdi
TDIY	Tdiy
C	C
O	O
Y	Y
LL	Ll
B	B
ED	Ed
GUKBHS	Gukbhs
Q	Q
JGDO	Jgdo
KA	Ka
K	K
JR	Jr
G	G
F	F
HHPU	Hhpu
S	S
BTDDUM	Btddum
XM	Xm
GM	Gm
KWPBHV	Kwpbhv
I	I
G	G
V	V
N	N
VAE	Vae
IGTPF	Igtpf
PY	Py
PM	Pm
FPCAJ	Fpcaj
OIH	Oih
J	J
K	K
UR	Ur
LMR	Lmr
YDUK	Yduk
C	C
Y	Y
UB	Ub
YW	Yw
HSLBYT	Hslbyt
C	C
FEV	Fev
Q	Q
CU	Cu
Y	Y
S	S
EZG	Ezg
K	K
W	W
Y	Y
K	K
H	H
AY	Ay
EQ	Eq
I	I
MO	Mo
UBC	Ubc
ELH	Elh
PWQKX	Pwqkx
IM	Im
G	G
H	H
X	X
XBZFE	Xbzfe
L	L
RBAKSJ	Rbaksj
PTZ	Ptz
PKI	Pki
R	R
YOZ	Yoz
BG	Bg
X	X
F	F
QOB	Qob
OU	Ou
F	F
S	S
Y	Y
ZH	Zh
HP	Hp
FJZVA	Fjzva
IVHLZDPQID	Ivhlzdpqid
DA	Da
GPV	Gpv
Y	Y
PT	Pt
HN	Hn
F	F
Y	Y
UUFT	Uuft
E	E
Y	Y
SAONFHXA	Saonfhxa
KU	Ku
C	C
SJVCZ	Sjvcz
YPCAH	Ypcah
SNR	Snr
HJP	Hjp
NM	Nm
QTPDY	Qtpdy
GKQVOU	Gkqvou
HQT	Hqt
G	G
NUQ	Nuq
XCL	Xcl
QT	Qt
H	H
NQRI	Nqri
W	W
PQC	Pqc
PI	Pi
JO	Jo
Y	Y
P	P
Q	Q
O	O
J	J
YGTGTMVXAHSD	Ygtgtmvxahsd
TWW	Tww
PLZZ	Plzz
TUVPOGBN	Tuvpogbn
AO	Ao
K	K
JW	Jw
ORWWR	Orwwr
B	B
M	M
H	H
V	V
C	C
MWWXFJ	Mwwxfj
P	P
DSA	Dsa
B	B
PUIWX	Puiwx
H	H
R	R
SFUDFSM	Sfudfsm
LQ	Lq
QELLF	Qellf
YR	Yr
Q	Q
I	I
AAQ	Aaq
NI	Ni
QERMFNWKZM	Qermfnwkzm
LF	Lf
G	G
J	J
P	P
YPGX	Ypgx
ICUVOP	Icuvop
ZJ	Zj
HM	Hm
PV	Pv
HXV	Hxv
Q	Q
ZFAC	Zfac
HOF	Hof
PUTG	Putg
K	K
K	K
HFFFMR	Hfffmr
RRUD	Rrud
FWO	Fwo
O	O
IZL	Izl
U	U
Y	Y
SAOM	Saom
AOY	Aoy
QEYKCJS	Qeykcjs
AEOXD	Aeoxd
PPLFG	Pplfg
NJXJDLP	Njxjdlp
M	M
R	R
GDAAGIH	Gdaagih
TQEPDAP	Tqepdap
MP	Mp
EO	Eo
N	N
E	E
Y	Y
QXPV	Qxpv
R	R
CO	Co
OSG	Osg
BT	Bt
PUI	Pui
E	E
DEG	Deg
HQI	Hqi
N	N
H	H
MS	Ms
E	E
AHL	Ahl
ORDY	Ordy
YK	Yk
N	N
HPC	Hpc
YD	Yd
PQ	Pq
Q	Q
F	F
ITL	Itl
BY	By
OOPM	Oopm
ONXYKN	Onxykn
Z	Z
ET	Et
CGE	Cge
OU	Ou
JNB	Jnb
T	T
XP	Xp
DNZKL	Dnzkl
Q	Q
X	X
SE	Se
M	M
W	W
QJD	Qjd
V	V
M	M
G	G
XIIQWOL	Xiiqwol
Z	Z
AGWERUFQRUQIU	Agwerufqruqiu
M	M
ETN	Etn
L	L
V	V
J	J
Z	Z
H	H
QU	Qu
PF	Pf
F	F
MC	Mc
TX	Tx
I	I
EA	Ea
PGWP	Pgwp
CHKIP	Chkip
DH	Dh
A	A
KG	Kg
O	O
K	K
HNBGO	Hnbgo
U	U
UWVMMA	Uwvmma
M	M
RDL	Rdl
WJH	Wjh
JPT	Jpt
PMNXBYK	Pmnxbyk
L	L
SU	Su
GK	Gk
Y	Y
R	R
H	H
K	K
QT	Qt
OAF	Oaf
BQO	Bqo
O	O
LVL	Lvl
V	V
C	C
JPLJ	Jplj
AR	Ar
HUVAR	Huvar
MT	Mt
ZGA	Zga
N	N
AKFMNLGXKM	Akfmnlgxkm
ESN	Esn
EH	Eh
XU	Xu
W	W
B	B
RVW	Rvw
YJZHA	Yjzha
H	H
L	L
RRN	Rrn
FB	Fb
F	F
XYQSL	Xyqsl
H	H
OX	Ox
JA	Ja
MM	Mm
S	S
KJMHU	Kjmhu
XZ	Xz
X	X
ZLXUT	Zlxut
VC	Vc
VF	Vf
JDDS	Jdds
ZFM	Zfm
WEP	Wep
AY	Ay
UR	Ur
G	G
NHQ	Nhq
KZ	Kz
AWEX	Awex
EHODSF	Ehodsf
SMSGZ	Smsgz
C	C
WITJCXOQI	Witjcxoqi
MCMU	Mcmu
BMM	Bmm
ILAV	Ilav
Y	Y
N	N
THG	Thg
E	E
QR	Qr
XMQWC	Xmqwc
QVC	Qvc
P	P
UTI	Uti
M	M
A	A
H	H
U	U
MHPJZN	Mhpjzn
Y	Y
H	H
HPV	Hpv
YJL	Yjl
W	W
LLM	Llm
HZ	Hz
EXO	Exo
CY	Cy
V	V
Z	Z
G	G
N	N
CTWL	Ctwl
NVV	Nvv
EK	Ek
L	L
E	E
ALOT	Alot
MD	Md
Q	Q
K	K
XI	Xi
QDVN	Qdvn
AJ	Aj
YDXX	Ydxx
T	T
S	S
ZJOXQS	Zjoxqs
A	A
S	S
PE	Pe
EVGW	Evgw
J	J
GPPSSNERE	Gppssnere
VKIAW	Vkiaw
L	L
TJEN	Tjen
LR	Lr
NIOWWJDVNPCA	Niowwjdvnpca
FU	Fu
ZX	Zx
QO	Qo
R	R
S	S
T	T
OWWG	Owwg
P	P
F	F
XGE	Xge
GMWOHEG	Gmwoheg
X	X
BC	Bc
EMP	Emp
RF	Rf
B	B
JUA	Jua
IPY	Ipy
S	S
IE	Ie
N	N
S	S
GV	Gv
J	J
Q	Q
F	F
OP	Op
UNTJP	Untjp
XFA	Xfa
MVW	Mvw
CQDT	Cqdt
I	I
IPA	Ipa
XB	Xb
W	W
T	T
SY	Sy
BLKU	Blku
VXQDXLC	Vxqdxlc
ZAJ	Zaj
D	D
LUH	Luh
DE	De
RNR	Rnr
EHKUPNJ	Ehkupnj
Z	Z
FP	Fp
TD	Td
CKG	Ckg
W	W
YJ	Yj
DNQ	Dnq
U	U
N	N
G	G
Y	Y
M	M
K	K
QURT	Qurt
FE	Fe
ZOFM	Zofm
D	D
NDZUFMWRNKC	Ndzufmwrnkc
M	M
XIT	Xit
M	M
G	G
DBP	Dbp
A	A
OANLI	Oanli
RCSL	Rcsl
BB	Bb
GW	Gw
Z	Z
PW	Pw
A	A
IA	Ia
EZ	Ez
YC	Yc
I	I
F	F
RAFYU	Rafyu
DYN	Dyn
PIEO	Pieo
EU	Eu
IV	Iv
RMT	Rmt
O	O
GCCNMNXR	Gccnmnxr
KOBXNR	Kobxnr
ZPHT	Zpht
F	F
J	J
YF	Yf
RHHE	Rhhe
TTZIEG	Ttzieg
L	L
NM	Nm
J	J
XJBLQPX	Xjblqpx
U	U
A	A
V	V
G	G
Z	Z
ZA	Za
MBRNTYN	Mbrntyn
FTU	Ftu
EN	En
J	J
I	I
F	F
WVTURGO	Wvturgo
E	E
I	I
Q	Q
I	I
Q	Q
WM	Wm
V	V
D	D
LODDN	Loddn
R	R
I	I
S	S
EQ	Eq
M	M
LN	Ln
K	K
B	B
NFERCG	Nfercg
U	U
RXQBX	Rxqbx
UFEDWY	Ufedwy
YLHYE	Ylhye
TZS	Tzs
I	I
T	T
X	X
GJR	Gjr
I	I
BV	Bv
PSG	Psg
Y	Y
SHGP	Shgp
LUZXBVI	Luzxbvi
XVJ	Xvj
O	O
WYQJYG	Wyqjyg
IV	Iv
SO	So
KLEXRCJM	Klexrcjm
GF	Gf
RCXT	Rcxt
R	R
JX	Jx
L	L
NHXL	Nhxl
A	A
SEWJ	Sewj
GNR	Gnr
UPF	Upf
KB	Kb
BDJYPD	Bdjypd
Z	Z
NY	Ny
DBR	Dbr
M	M
S	S
P	P
LQVSDVW	Lqvsdvw
JHHX	Jhhx
M	M
W	W
EOQGM	Eoqgm
Z	Z
A	A
NUP	Nup
KX	Kx
MH	Mh
JZGVHUKSA	Jzgvhuksa
CCYM	Ccym
VA	Va
QWA	Qwa
WCE	Wce
BQT	Bqt
NPK	Npk
B	B
X	X
O	O
H	H
FCOGJ	Fcogj
J	J
J	J
MOCHAS	Mochas
IVOI	Ivoi
NFUAN	Nfuan
C	C
VH	Vh
M	M
KQM	Kqm
HPF	Hpf
E	E
Q	Q
JXOT	Jxot
XEH	Xeh
AVN	Avn
S	S
WBIWR	Wbiwr
DX	Dx
S	S
RDNLROXYFNJOKC	Rdnlroxyfnjokc
SBX	Sbx
GI	Gi
W	W
IZX	Izx
SEQO	Seqo
V	V
CQTAMJ	Cqtamj
B	B
AY	Ay
B	B
XWSQOI	Xwsqoi
ME	Me
LQH	Lqh
L	L
EL	El
QJU	Qju
B	B
E	E
W	W
TO	To
X	X
TZE	Tze
NGFY	Ngfy
ZDYNXODM	Zdynxodm
TY	Ty
T	T
ZH	Zh
EC	Ec
QT	Qt
OL	Ol
V	V
SMI	Smi
C	C
NMPRXR	Nmprxr
GZ	Gz
RTI	Rti
T	T
V	V
Q	Q
B	B
L	L
JYF	Jyf
OY	Oy
T	T
VPUIQN	Vpuiqn
UG	Ug
P	P
N	N
LJL	Ljl
UN	Un
PX	Px
W	W
IAXXNNMTCO	Iaxxnnmtco
AHW	Ahw
CX	Cx
MV	Mv
MS	Ms
ATXQR	Atxqr
TPNMQ	Tpnmq
IUEWDT	Iuewdt
M	M
LBTP	Lbtp
KWNBNKIPGV	Kwnbnkipgv
TEC	Tec
U	U
J	J
GCT	Gct
R	R
I	I
G	G
B	B
F	F
HQ	Hq
OS	Os
K	K
V	V
W	W
HT	Ht
OMJ	Omj
A	A
IERD	Ierd
C	C
N	N
J	J
J	J
X	X
HP	Hp
RP	Rp
Y	Y
L	L
XP	Xp
Y	Y
Z	Z
SOAZM	Soazm
JXCE	Jxce
B	B
GEILO	Geilo
C	C
MWY	Mwy
DV	Dv
MI	Mi
M	M
D	D
ZE	Ze
VTOLLCUF	Vtollcuf
M	M
DU	Du
G	G
BGI	Bgi
JUEHU	Juehu
M	M
WZ	Wz
S	S
X	X
F	F
QT	Qt
P	P
S	S
VWUP	Vwup
FNKQRE	Fnkqre
V	V
C	C
G	G
ZV	Zv
IU	Iu
YB	Yb
XY	Xy
S	S
Q	Q
BG	Bg
A	A
RU	Ru
KTHHM	Kthhm
FCNMH	Fcnmh
W	W
B	B
K	K
V	V
PRI	Pri
SY	Sy
V	V
MHZCN	Mhzcn
SLUYTXO	Sluytxo
FYKO	Fyko
XOP	Xop
USXOM	Usxom
OA	Oa
E	E
RU	Ru
WDBGHQJ	Wdbghqj
APFVAP	Apfvap
KKL	Kkl
YB	Yb
O	O
UW	Uw
WCEP	Wcep
I	I
D	D
P	P
ASYXIQU	Asyxiqu
WP	Wp
LC	Lc
MQLADJ	Mqladj
L	L
LPMP	Lpmp
YBC	Ybc
OK	Ok
L	L
EIJKGWDO	Eijkgwdo
YGO	Ygo
AP	Ap
KP	Kp
Y	Y
DEZW	Dezw
U	U
QY	Qy
P	P
V	V
U	U
R	R
JZUN	Jzun
HF	Hf
KPH	Kph
KDO	Kdo
O	O
MSA	Msa
SRGJY	Srgjy
F	F
B	B
LI	Li
FWNZQU	Fwnzqu
GDVGOQ	Gdvgoq
E	E
Y	Y
XMCC	Xmcc
Z	Z
ZQD	Zqd
J	J
F	F
U	U
Q	Q
GR	Gr
EI	Ei
ZS	Zs
G	G
BW	Bw
B	B
C	C
NAB	Nab
MHS	Mhs
VQ	Vq
UH	Uh
R	R
AFQ	Afq
HSKKE	Hskke
BWU	Bwu
WW	Ww
B	B
M	M
NIO	Nio
HWZICQ	Hwzicq
F	F
VNBE	Vnbe
O	O
BHEC	Bhec
BQ	Bq
WGCDZSOE	Wgcdzsoe
C	C
F	F
F	F
I	I
TJWMA	Tjwma
BTD	Btd
YOW	Yow
S	S
OUXTKWEWU	Ouxtkwewu
VI	Vi
G	G
AKR	Akr
T	T
P	P
QF	Qf
BJDM	Bjdm
DD	Dd
C	C
SY	Sy
SGPB	Sgpb
V	V
T	T
W	W
F	F
GWG	Gwg
SSU	Ssu
IU	Iu
IZ	Iz
ZJKMHDI	Zjkmhdi
Z	Z
ELMMFBD	Elmmfbd
R	R
Z	Z
ZSXBL	Zsxbl
ZZUKZ	Zzukz
KK	Kk
I	I
YG	Yg
YE	Ye
H	H
QZLG	Qzlg
PJKG	Pjkg
WKCL	Wkcl
EJC	Ejc
H	H
Y	Y
OGI	Ogi
DS	Ds
UP	Up
MXHA	Mxha
Y	Y
LHAG	Lhag
TDV	Tdv
RMN	Rmn
VBP	Vbp
VYOKUR	Vyokur
XJ	Xj
F	F
S	S
AG	Ag
OX	Ox
BUR	Bur
Q	Q
KJW	Kjw
MWD	Mwd
UTIO	Utio
V	V
BRMZLUM	Brmzlum
E	E
OQFX	Oqfx
L	L
JO	Jo
QW	Qw
NM	Nm
V	V
L	L
K	K
K	K
QSC	Qsc
IB	Ib
E	E
SUOJAD	Suojad
QCJ	Qcj
FVLNCVFLHGMSCL	Fvlncvflhgmscl
YM	Ym
AFZG	Afzg
WT	Wt
UJ	Uj
WB	Wb
TO	To
O	O
W	W
NSINSAR	Nsinsar
R	R
LTD	Ltd
FH	Fh
B	B
EC	Ec
A	A
ZOD	Zod
OWH	Owh
B	B
RKOQ	Rkoq
P	P
YDNBVTBVTJEFYQ	Ydnbvtbvtjefyq
H	H
O	O
D	D
L	L
FP	Fp
U	U
UB	Ub
TQ	Tq
Z	Z
Y	Y
EGBCEKUK	Egbcekuk
SU	Su
EC	Ec
I	I
U	U
D	D
T	T
ESC	Esc
LAE	Lae
LOWDWMN	Lowdwmn
L	L
SXJC	Sxjc
NI	Ni
Q	Q
C	C
K	K
HMSP	Hmsp
O	O
O	O
NRXPXA	Nrxpxa
BX	Bx
K	K
R	R
RJ	Rj
AB	Ab
AZI	Azi
EAQ	Eaq
OOASUZVUT	Ooasuzvut
B	B
JIECV	Jiecv
TBZOVP	Tbzovp
GR	Gr
PCHZ	Pchz
XRH	Xrh
JM	Jm
P	P
USZ	Usz
ZGO	Zgo
SM	Sm
EB	Eb
K	K
ZV	Zv
EWK	Ewk
H	H
B	B
Z	Z
XRAH	Xrah
A	A
EV	Ev
J	J
ZW	Zw
L	L
X	X
LOVQQZY	Lovqqzy
CSNZ	Csnz
F	F
QUW	Quw
T	T
T	T
G	G
DN	Dn
CHWZDQ	Chwzdq
CG	Cg
U	U
ME	Me
II	Ii
X	X
WU	Wu
SG	Sg
LKU	Lku
SPK	Spk
BCVRA	Bcvra
YPU	Ypu
BPMR	Bpmr
F	F
O	O
VBO	Vbo
A	A
F	F
IFBPWEX	Ifbpwex
HTPITUDQ	Htpitudq
J	J
I	I
DZY	Dzy
FR	Fr
AWNLG	Awnlg
JG	Jg
XVO	Xvo
PH	Ph
A	A
Y	Y
JYH	Jyh
U	U
I	I
G	G
I	I
ECYNNP	Ecynnp
ZPYC	Zpyc
P	P
R	R
CAG	Cag
Q	Q
XB	Xb
CE	Ce
TO	To
HN	Hn
QJK	Qjk
PYCRBB	Pycrbb
MMHJZPE	Mmhjzpe
YSVPZE	Ysvpze
K	K
TN	Tn
OM	Om
YW	Yw
XW	Xw
J	J
GJHK	Gjhk
S	S
ID	Id
MP	Mp
P	P
ZZV	Zzv
R	R
HGH	Hgh
W	W
T	T
OQ	Oq
MB	Mb
Q	Q
R	R
L	L
WD	Wd
C	C
PGG	Pgg
G	G
Y	Y
R	R
V	V
L	L
ZM	Zm
YYDUPSWEL	Yydupswel
H	H
IWG	Iwg
SX	Sx
IXAY	Ixay
UAWHD	Uawhd
ZPM	Zpm
F	F
QV	Qv
DLPY	Dlpy
GV	Gv
SWII	Swii
HQJ	Hqj
L	L
OCRY	Ocry
P	P
W	W
Q	Q
K	K
QI	Qi
REBDQUIM	Rebdquim
V	V
HLFO	Hlfo
EL	El
YQ	Yq
FBZZE	Fbzze
M	M
KDV	Kdv
ISY	Isy
G	G
G	G
SNOFNEALQS	Snofnealqs
J	J
TGH	Tgh
E	E
O	O
PY	Py
Z	Z
SKQG	Skqg
P	P
ET	Et
KIS	Kis
HD	Hd
RU	Ru
D	D
VBN	Vbn
XPY	Xpy
NIAEVAK	Niaevak
WORH	Worh
T	T
GBWPNO	Gbwpno
L	L
R	R
K	K
H	H
NOTC	Notc
JJ	Jj
H	H
F	F
SDXX	Sdxx
TU	Tu
L	L
VE	Ve
RQVH	Rqvh
WX	Wx
UY	Uy
SUMS	Sums
OE	Oe
M	M
S	S
UTHUHF	Uthuhf
G	G
VK	Vk
U	U
QNS	Qns
A	A
D	D
V	V
FHXCLTLN	Fhxcltln
ORCGS	Orcgs
KKRQHQ	Kkrqhq
IT	It
R	R
DJZL	Djzl
EJOB	Ejob
YNQ	Ynq
Q	Q
C	C
A	A
I	I
NV	Nv
IO	Io
DCOTP	Dcotp
XC	Xc
HWWJ	Hwwj
LS	Ls
P	P
R	R
A	A
AZR	Azr
K	K
COMH	Comh
P	P
F	F
EB	Eb
M	M
OAZP	Oazp
BP	Bp
Q	Q
LF	Lf
F	F
H	H
X	X
Z	Z
X	X
DB	Db
Y	Y
MMQSEX	Mmqsex
IW	Iw
E	E
B	B
D	D
WP	Wp
LCJ	Lcj
UFN	Ufn
ON	On
H	H
S	S
D	D
ULBEUL	Ulbeul
CL	Cl
U	U
R	R
ZY	Zy
Y	Y
TOZW	Tozw
O	O
NPIRJ	Npirj
A	A
Z	Z
JZP	Jzp
U	U
I	I
SKRBTTFI	Skrbttfi
UM	Um
ZK	Zk
UGVQ	Ugvq
Y	Y
ITJ	Itj
X	X
K	K
HBPQHJZ	Hbpqhjz
DC	Dc
OCIICTGAO	Ociictgao
UN	Un
YPN	Ypn
CCD	Ccd
XI	Xi
Z	Z
JSKH	Jskh
CP	Cp
I	I
IT	It
OQJLV	Oqjlv
SD	Sd
VF	Vf
LFP	Lfp
OLXLQH	Olxlqh
AIRKFBZ	Airkfbz
SUIA	Suia
L	L
XOD	Xod
KZ	Kz
FOCJE	Focje
T	T
WKE	Wke
YFHQIH	Yfhqih
P	P
TFUWBYA	Tfuwbya
AZPH	Azph
BQHGJN	Bqhgjn
WH	Wh
B	B
V	V
GYHHAC	Gyhhac
LMLBW	Lmlbw
VM	Vm
LZ	Lz
PJ	Pj
YWSITY	Ywsity
RBQ	Rbq
DD	Dd
GQ	Gq
J	J
I	I
F	F
UW	Uw
BGO	Bgo
CC	Cc
I	I
U	U
N	N
ABQQPBQ	Abqqpbq
HJ	Hj
QHA	Qha
K	K
SU	Su
EEDCXOO	Eedcxoo
O	O
HNF	Hnf
URB	Urb
USCGGYP	Uscggyp
ZF	Zf
M	M
D	D
JSEAM	Jseam
J	J
D	D
GLOTX	Glotx
I	I
MG	Mg
N	N
J	J
H	H
V	V
P	P
M	M
JO	Jo
ZSHF	Zshf
RD	Rd
HS	Hs
EI	Ei
U	U
CFD	Cfd
U	U
SD	Sd
TOAAGK	Toaagk
OWC	Owc
B	B
O	O
VLFU	Vlfu
YFZM	Yfzm
V	V
WSU	Wsu
VAPYQ	Vapyq
X	X
W	W
A	A
LC	Lc
EL	El
LB	Lb
F	F
ZJS	Zjs
F	F
A	A
X	X
AK	Ak
UWJ	Uwj
B	B
BOH	Boh
WJ	Wj
K	K
SUUTPT	Suutpt
NALTXQ	Naltxq
VIJ	Vij
T	T
YX	Yx
X	X
G	G
R	R
UIJJ	Uijj
W	W
X	X
U	U
PETM	Petm
PNTOL	Pntol
I	I
MZ	Mz
TZJQW	Tzjqw
S	S
GWH	Gwh
A	A
S	S
FF	Ff
GC	Gc
A	A
J	J
U	U
FNBUHG	Fnbuhg
Z	Z
ALH	Alh
TGI	Tgi
R	R
Y	Y
H	H
FYY	Fyy
Z	Z
TJ	Tj
CYGI	Cygi
V	V
Z	Z
G	G
R	R
DF	Df
PMMLQGI	Pmmlqgi
B	B
URTO	Urto
QY	Qy
HVI	Hvi
JND	Jnd
N	N
ZX	Zx
P	P
MLS	Mls
GXFI	Gxfi
NO	No
KMQPXCNA	Kmqpxcna
EJE	Eje
WWCO	Wwco
TV	Tv
NDRMS	Ndrms
XWMAOW	Xwmaow
X	X
RW	Rw
Z	Z
DO	Do
ASH	Ash
K	K
Y	Y
E	E
RSL	Rsl
V	V
JF	Jf
ZBUMIUQA	Zbumiuqa
VM	Vm
E	E
G	G
Y	Y
K	K
IR	Ir
Z	Z
QI	Qi
PUKB	Pukb
K	K
EI	Ei
X	X
IVAL	Ival
YC	Yc
WKXVPM	Wkxvpm
AZM	Azm
YRU	Yru
A	A
R	R
P	P
WR	Wr
K	K
X	X
X	X
Y	Y
I	I
FU	Fu
CLMXLTPLHRE	Clmxltplhre
YHA	Yha
FFOAKQCDTWE	Ffoakqcdtwe
RBNV	Rbnv
IV	Iv
RI	Ri
J	J
TU	Tu
UXXY	Uxxy
U	U
FIZVNRBI	Fizvnrbi
EFL	Efl
WNNF	Wnnf
C	C
SBKC	Sbkc
Z	Z
AWWY	Awwy
WX	Wx
PFPL	Pfpl
WY	Wy
MZ	Mz
HGL	Hgl
B	B
ANV	Anv
D	D
RRZTKSEW	Rrztksew
O	O
YMBB	Ymbb
N	N
NPA	Npa
TWZ	Twz
F	F
FTDLVYKJSSIYMVWHO	Ftdlvykjssiymvwho
F	F
QJE	Qje
TKSFRSA	Tksfrsa
SSLZA	Sslza
LZG	Lzg
AI	Ai
HL	Hl
VPG	Vpg
ZI	Zi
KJW	Kjw
LYV	Lyv
GCW	Gcw
P	P
MQ	Mq
L	L
NOUU	Nouu
M	M
PTBPBGS	Ptbpbgs
FDF	Fdf
E	E
GJT	Gjt
ZNR	Znr
TZ	Tz
B	B
E	E
H	H
SY	Sy
E	E
WUDU	Wudu
G	G
R	R
JE	Je
EX	Ex
PQEX	Pqex
G	G
Z	Z
GM	Gm
IMIZJ	Imizj
SFIJ	Sfij
M	M
GMQ	Gmq
BUJV	Bujv
AC	Ac
X	X
G	G
Z	Z
PO	Po
EJ	Ej
XB	Xb
UF	Uf
JGEF	Jgef
TH	Th
JO	Jo
O	O
N	N
XGM	Xgm
GZ	Gz
ZE	Ze
TUGB	Tugb
L	L
VQO	Vqo
BI	Bi
XAQY	Xaqy
MZ	Mz
M	M
Z	Z
B	B
H	H
FC	Fc
XHXIRZ	Xhxirz
F	F
W	W
XH	Xh
IRMJJL	Irmjjl
K	K
AOM	Aom
A	A
LL	Ll
G	G
XX	Xx
IG	Ig
D	D
F	F
L	L
P	P
FY	Fy
EL	El
KA	Ka
AZ	Az
OI	Oi
YM	Ym
CAFZY	Cafzy
VG	Vg
IBWDI	Ibwdi
M	M
FHD	Fhd
L	L
AGZZ	Agzz
NA	Na
E	E
JS	Js
F	F
Y	Y
YUSIAE	Yusiae
MUS	Mus
Y	Y
M	M
EA	Ea
O	O
Q	Q
NRN	Nrn
EB	Eb
HU	Hu
K	K
X	X
S	S
E	E
BBXC	Bbxc
M	M
SEWV	Sewv
I	I
NTF	Ntf
JEOAA	Jeoaa
GWDA	Gwda
O	O
Q	Q
K	K
FPZ	Fpz
LCA	Lca
P	P
LA	La
O	O
BD	Bd
YXARI	Yxari
Z	Z
LNLMF	Lnlmf
F	F
JT	Jt
H	H
I	I
RAZ	Raz
Q	Q
CFOI	Cfoi
QOUHZIW	Qouhziw
L	L
FSRF	Fsrf
OU	Ou
Q	Q
NCQ	Ncq
P	P
YA	Ya
BD	Bd
G	G
AJJX	Ajjx
J	J
GP	Gp
ABZGYTR	Abzgytr
MNJPO	Mnjpo
DXCF	Dxcf
TWSI	Twsi
N	N
Y	Y
THFRTX	Thfrtx
N	N
OUVBKXBX	Ouvbkxbx
Q	Q
ARWAUTG	Arwautg
Q	Q
Q	Q
E	E
K	K
XC	Xc
WDNLK	Wdnlk
U	U
L	L
B	B
D	D
QW	Qw
DYTM	Dytm
N	N
N	N
Z	Z
OFDSYBTCSYL	Ofdsybtcsyl
M	M
UK	Uk
S	S
E	E
KT	Kt
MT	Mt
GT	Gt
XN	Xn
SBSMF	Sbsmf
IW	Iw
UGCA	Ugca
ZNM	Znm
MYR	Myr
WC	Wc
P	P
PESX	Pesx
G	G
VU	Vu
U	U
VECTK	Vectk
H	H
W	W
JJA	Jja
XYXMO	Xyxmo
E	E
EZVAXV	Ezvaxv
MDRP	Mdrp
U	U
OP	Op
CMFNH	Cmfnh
PPYV	Ppyv
HEHCY	Hehcy
N	N
CCKO	Ccko
WY	Wy
ES	Es
S	S
VV	Vv
DP	Dp
TD	Td
SMWZ	Smwz
F	F
KM	Km
C	C
BD	Bd
C	C
RO	Ro
J	J
K	K
O	O
C	C
U	U
BBHK	Bbhk
JANTBU	Jantbu
UE	Ue
M	M
T	T
F	F
NY	Ny
B	B
O	O
YQW	Yqw
P	P
P	P
B	B
NFX	Nfx
SEO	Seo
PQU	Pqu
Z	Z
TWGUO	Twguo
KU	Ku
B	B
F	F
A	A
WEN	Wen
CC	Cc
TP	Tp
WJGFKLM	Wjgfklm
IQO	Iqo
L	L
ZWCB	Zwcb
UXBJ	Uxbj
SE	Se
N	N
ZMV	Zmv
PVJ	Pvj
PQXLBCFFGM	Pqxlbcffgm
M	M
S	S
T	T
S	S
B	B
J	J
SFD	Sfd
T	T
TW	Tw
XW	Xw
I	I
OFS	Ofs
PE	Pe
LT	Lt
BKLP	Bklp
J	J
BVP	Bvp
I	I
O	O
RFOK	Rfok
TUELP	Tuelp
AQA	Aqa
X	X
C	C
HE	He
V	V
CGADID	Cgadid
JRKR	Jrkr
FRTLMGA	Frtlmga
K	K
H	H
LGC	Lgc
F	F
QN	Qn
ZCZ	Zcz
JPJZ	Jpjz
CG	Cg
PDTXV	Pdtxv
MHCCOBKBCYJ	Mhccobkbcyj
DQIO	Dqio
ROQETQ	Roqetq
W	W
X	X
UK	Uk
UGDHLL	Ugdhll
TUT	Tut
B	B
F	F
H	H
U	U
S	S
CHRRC	Chrrc
AJPO	Ajpo
H	H
P	P
NW	Nw
HHUFDOM	Hhufdom
OVYMYG	Ovymyg
R	R
DPQ	Dpq
HKIX	Hkix
M	M
RU	Ru
XPF	Xpf
B	B
NO	No
T	T
DZL	Dzl
J	J
ECP	Ecp
CIIBXJ	Ciibxj
HQUL	Hqul
VON	Von
Z	Z
V	V
GO	Go
BXLGBYBOCXUL	Bxlgbybocxul
L	L
YLNJ	Ylnj
LF	Lf
HC	Hc
FAYU	Fayu
SLAIHUS	Slaihus
UUO	Uuo
TCE	Tce
T	T
Y	Y
YL	Yl
WDT	Wdt
Z	Z
P	P
T	T
C	C
I	I
ZY	Zy
M	M
QIIKFZGYU	Qiikfzgyu
CX	Cx
V	V
VP	Vp
AHJYS	Ahjys
YFWZYQGDM	Yfwzyqgdm
ET	Et
D	D
A	A
ZIQX	Ziqx
XUYDTPT	Xuydtpt
QBE	Qbe
FT	Ft
T	T
J	J
NAEURF	Naeurf
XEA	Xea
J	J
PG	Pg
TWLB	Twlb
KD	Kd
LUUU	Luuu
R	R
FFV	Ffv
G	G
PUO	Puo
FDYRNOWUYKZ	Fdyrnowuykz
QP	Qp
SX	Sx
GYQFB	Gyqfb
NQ	Nq
Q	Q
JLL	Jll
U	U
N	N
GKJ	Gkj
WDRU	Wdru
I	I
QSAWYNNHXI	Qsawynnhxi
P	P
VR	Vr
GET	Get
V	V
GLMU	Glmu
DKPOG	Dkpog
ZSMOYQQ	Zsmoyqq
GYXF	Gyxf
ALD	Ald
R	R
B	B
FR	Fr
PN	Pn
F	F
W	W
TY	Ty
UPBY	Upby
VAXX	Vaxx
XBO	Xbo
HV	Hv
E	E
PG	Pg
JM	Jm
TZO	Tzo
CL	Cl
LND	Lnd
L	L
M	M
V	V
T	T
GZW	Gzw
JN	Jn
QVGG	Qvgg
GPK	Gpk
JPWOV	Jpwov
IWXI	Iwxi
A	A
N	N
G	G
K	K
EV	Ev
E	E
C	C
C	C
F	F
DZ	Dz
FHFYLIAL	Fhfylial
G	G
JI	Ji
ZF	Zf
X	X
U	U
PKVFAUM	Pkvfaum
I	I
G	G
AM	Am
UIZ	Uiz
KD	Kd
CV	Cv
P	P
M	M
IBZB	Ibzb
XUZX	Xuzx
G	G
NICHPLJ	Nichplj
DL	Dl
RCM	Rcm
RDF	Rdf
TR	Tr
D	D
TZXA	Tzxa
VARCEVV	Varcevv
XII	Xii
MOXCQU	Moxcqu
A	A
IUQ	Iuq
P	P
I	I
U	U
Y	Y
QXBICQ	Qxbicq
TGO	Tgo
T	T
CZLX	Czlx
PQ	Pq
G	G
FOS	Fos
QTZ	Qtz
IV	Iv
T	T
TN	Tn
V	V
NTP	Ntp
TC	Tc
T	T
MM	Mm
Z	Z
U	U
NUWI	Nuwi
RM	Rm
HJB	Hjb
W	W
HI	Hi
P	P
V	V
N	N
DN	Dn
E	E
WBKPX	Wbkpx
RI	Ri
R	R
L	L
V	V
VWA	Vwa
AJOL	Ajol
SUQLI	Suqli
BTH	Bth
PQEHLE	Pqehle
ZOL	Zol
OM	Om
CV	Cv
JBJ	Jbj
VT	Vt
X	X
DDFDR	Ddfdr
MQX	Mqx
VKFNQU	Vkfnqu
IYO	Iyo
C	C
DYCRX	Dycrx
DEOKRFYY	Deokrfyy
ANVWGIDG	Anvwgidg
N	N
X	X
GAT	Gat
GL	Gl
TW	Tw
W	W
LZ	Lz
TQ	Tq
VV	Vv
RODILNI	Rodilni
K	K
U	U
TEVHQONA	Tevhqona
IW	Iw
C	C
OKZ	Okz
S	S
PV	Pv
VTV	Vtv
WGMDDXDM	Wgmddxdm
POXWORT	Poxwort
P	P
B	B
B	B
P	P
HCOU	Hcou
C	C
D	D
V	V
N	N
YU	Yu
M	M
VU	Vu
TDL	Tdl
QQHC	Qqhc
YT	Yt
WU	Wu
RCOTWYTWYQ	Rcotwytwyq
TZ	Tz
B	B
Q	Q
K	K
YKZG	Ykzg
K	K
D	D
Y	Y
GBM	Gbm
SULCT	Sulct
N	N
SMZZVR	Smzzvr
GIDZ	Gidz
Q	Q
O	O
D	D
QDXYRNSWPQVOW	Qdxyrnswpqvow
KFKV	Kfkv
Z	Z
OGCXFLDA	Ogcxflda
MRTM	Mrtm
UG	Ug
JZ	Jz
B	B
O	O
SJVTP	Sjvtp
I	I
GM	Gm
X	X
U	U
VXP	Vxp
J	J
UI	Ui
NY	Ny
YTD	Ytd
JTHV	Jthv
A	A
H	H
IVR	Ivr
QMFB	Qmfb
V	V
OE	Oe
ZDM	Zdm
FWAU	Fwau
TD	Td
L	L
T	T
WNRMUGN	Wnrmugn
UH	Uh
UUDF	Uudf
HZ	Hz
RM	Rm
QFJTD	Qfjtd
JRW	Jrw
K	K
N	N
J	J
QF	Qf
NUTCAR	Nutcar
J	J
I	I
IB	Ib
Q	Q
MWG	Mwg
G	G
SJ	Sj
Q	Q
ZVEMQ	Zvemq
GSTOKT	Gstokt
KGYN	Kgyn
PC	Pc
THY	Thy
CN	Cn
Z	Z
ZHRZ	Zhrz
WZXQ	Wzxq
HJJL	Hjjl
N	N
U	U
V	V
E	E
AE	Ae
J	J
WU	Wu
JM	Jm
YE	Ye
Q	Q
ODY	Ody
D	D
A	A
UJAW	Ujaw
ODX	Odx
ZZ	Zz
HCHMEHQ	Hchmehq
EAZ	Eaz
N	N
MPYT	Mpyt
ID	Id
B	B
H	H
S	S
Z	Z
IM	Im
Y	Y
D	D
BHSB	Bhsb
AUAKOJGGF	Auakojggf
N	N
IIU	Iiu
BY	By
W	W
F	F
NSV	Nsv
F	F
IDNQPW	Idnqpw
TK	Tk
IU	Iu
X	X
RPZT	Rpzt
R	R
FFQOP	Ffqop
Q	Q
N	N
IR	Ir
AB	Ab
WG	Wg
CGNMQ	Cgnmq
MFY	Mfy
MI	Mi
P	P
BHOB	Bhob
YF	Yf
PNKO	Pnko
GB	Gb
V	V
LP	Lp
TCOGY	Tcogy
T	T
R	R
I	I
UWRRQRVICH	Uwrrqrvich
K	K
TY	Ty
WZ	Wz
WKDWDVUTV	Wkdwdvutv
Q	Q
BB	Bb
G	G
N	N
CRW	Crw
N	N
ME	Me
FYT	Fyt
EYBXVUM	Eybxvum
WQR	Wqr
D	D
S	S
VXC	Vxc
BN	Bn
YP	Yp
RGCM	Rgcm
UNZI	Unzi
E	E
A	A
L	L
QL	Ql
G	G
OEHP	Oehp
R	R
HIXJREM	Hixjrem
GJI	Gji
THYT	Thyt
NEKGJIM	Nekgjim
WP	Wp
RNPKBFXB	Rnpkbfxb
HT	Ht
M	M
O	O
G	G
A	A
WMAA	Wmaa
WOO	Woo
C	C
H	H
RT	Rt
R	R
CIYD	Ciyd
EEI	Eei
D	D
TLF	Tlf
ZSU	Zsu
QV	Qv
PPNJE	Ppnje
YWR	Ywr
TI	Ti
TDQ	Tdq
DG	Dg
FOTY	Foty
JEOBC	Jeobc
UOUH	Uouh
DLA	Dla
A	A
NARWOVJQFPHPN	Narwovjqfphpn
BY	By
YY	Yy
D	D
UR	Ur
O	O
MV	Mv
ELGFB	Elgfb
F	F
N	N
GWQXPG	Gwqxpg
FGFE	Fgfe
PJDBW	Pjdbw
SYH	Syh
KLBP	Klbp
V	V
FCGNCSF	Fcgncsf
Q	Q
TSG	Tsg
Y	Y
W	W
MEZYEF	Mezyef
MPN	Mpn
Z	Z
VA	Va
ZA	Za
UR	Ur
H	H
ER	Er
W	W
ZI	Zi
GNK	Gnk
JNP	Jnp
P	P
S	S
EX	Ex
JEL	Jel
EPNX	Epnx
ANXFIDV	Anxfidv
P	P
ZAEH	Zaeh
KK	Kk
OO	Oo
KD	Kd
EI	Ei
GP	Gp
NS	Ns
BFAPMJIVCQ	Bfapmjivcq
VD	Vd
ZQ	Zq
JH	Jh
LOCD	Locd
HNORA	Hnora
EG	Eg
EL	El
OI	Oi
P	P
N	N
WRA	Wra
WTIOI	Wtioi
IXWV	Ixwv
LNK	Lnk
JH	Jh
QOH	Qoh
S	S
EYZS	Eyzs
O	O
NML	Nml
O	O
ZN	Zn
OSTHAWI	Osthawi
F	F
EKH	Ekh
RC	Rc
HQHTI	Hqhti
ZO	Zo
NM	Nm
L	L
D	D
Q	Q
TKXYVH	Tkxyvh
IWV	Iwv
Q	Q
KK	Kk
WAH	Wah
YD	Yd
I	I
ZF	Zf
B	B
ARRV	Arrv
HKTZ	Hktz
A	A
OK	Ok
A	A
GV	Gv
BP	Bp
CI	Ci
GPPFDM	Gppfdm
TH	Th
T	T
P	P
TMTHM	Tmthm
PE	Pe
IS	Is
TLX	Tlx
F	F
MS	Ms
OH	Oh
DU	Du
MB	Mb
W	W
UBM	Ubm
QTVUJTZU	Qtvujtzu
Z	Z
X	X
D	D
T	T
PY	Py
BU	Bu
WVBH	Wvbh
K	K
E	E
H	H
B	B
BA	Ba
QKBDE	Qkbde
C	C
S	S
H	H
ZN	Zn
S	S
RK	Rk
LNB	Lnb
XSK	Xsk
OW	Ow
EYAM	Eyam
W	W
Q	Q
P	P
UAHJJOGF	Uahjjogf
CE	Ce
A	A
QT	Qt
ZLLANK	Zllank
P	P
R	R
EUVXQ	Euvxq
T	T
PR	Pr
F	F
R	R
C	C
M	M
IB	Ib
EXVD	Exvd
JFZN	Jfzn
GWQTH	Gwqth
MHK	Mhk
B	B
IC	Ic
D	D
Y	Y
NC	Nc
ARXQ	Arxq
XUGN	Xugn
R	R
CVN	Cvn
GHYW	Ghyw
K	K
LVCX	Lvcx
YI	Yi
RSCI	Rsci
ZY	Zy
T	T
H	H
PL	Pl
M	M
CETMH	Cetmh
F	F
Q	Q
S	S
YU	Yu
KA	Ka
TE	Te
U	U
ZE	Ze
ICY	Icy
TCZ	Tcz
JF	Jf
WOG	Wog
T	T
PO	Po
M	M
LV	Lv
KHH	Khh
A	A
OE	Oe
MJI	Mji
N	N
NWA	Nwa
FT	Ft
Q	Q
X	X
IVO	Ivo
SXTK	Sxtk
ZLNGB	Zlngb
L	L
X	X
HEU	Heu
K	K
T	T
JJ	Jj
OP	Op
AAB	Aab
O	O
HKIK	Hkik
LJIJ	Ljij
PHXXBQO	Phxxbqo
YPWR	Ypwr
XBKLNBVB	Xbklnbvb
CX	Cx
J	J
ZW	Zw
AT	At
H	H
NF	Nf
F	F
HBX	Hbx
ISNGF	Isngf
I	I
RUVGB	Ruvgb
AGP	Agp
ZRKZ	Zrkz
VI	Vi
DVL	Dvl
P	P
TK	Tk
DGTM	Dgtm
T	T
PP	Pp
GE	Ge
P	P
RJCW	Rjcw
F	F
Y	Y
LIPC	Lipc
UJB	Ujb
P	P
TY	Ty
TINGVK	Tingvk
B	B
LJJXR	Ljjxr
NX	Nx
YWXO	Ywxo
XRCLPIW	Xrclpiw
HQJ	Hqj
RXHOWUV	Rxhowuv
RP	Rp
D	D
K	K
I	I
PNQ	Pnq
Q	Q
MSWZ	Mswz
LGAIL	Lgail
QM	Qm
RZXEMRY	Rzxemry
BA	Ba
P	P
O	O
CMUE	Cmue
KF	Kf
JV	Jv
GTH	Gth
L	L
VXB	Vxb
X	X
QH	Qh
XH	Xh
A	A
V	V
GYZ	Gyz
D	D
BPAB	Bpab
DAJXUAY	Dajxuay
I	I
BECA	Beca
EL	El
L	L
DS	Ds
HSX	Hsx
YH	Yh
E	E
XOFGJU	Xofgju
X	X
B	B
FX	Fx
R	R
CSW	Csw
MXH	Mxh
K	K
Y	Y
LMHOH	Lmhoh
EQJMVY	Eqjmvy
YZPH	Yzph
TK	Tk
VBQ	Vbq
LV	Lv
O	O
O	O
M	M
CG	Cg
C	C
Q	Q
W	W
D	D
F	F
I	I
W	W
E	E
DEV	Dev
JLJ	Jlj
R	R
XR	Xr
PGW	Pgw
F	F
TQ	Tq
ECW	Ecw
AGY	Agy
C	C
F	F
NOEJN	Noejn
F	F
P	P
AZ	Az
EZ	Ez
RRTG	Rrtg
E	E
W	W
NMT	Nmt
B	B
OAG	Oag
VPBAY	Vpbay
DHHKD	Dhhkd
KP	Kp
G	G
CN	Cn
B	B
DVUPR	Dvupr
FO	Fo
J	J
BW	Bw
BQHR	Bqhr
XEDUGAR	Xedugar
YIBK	Yibk
NNN	Nnn
L	L
K	K
IDVDBJB	Idvdbjb
ZR	Zr
I	I
PJMD	Pjmd
ID	Id
B	B
U	U
BFEJ	Bfej
CM	Cm
LXVIR	Lxvir
LP	Lp
KG	Kg
DSN	Dsn
J	J
XQR	Xqr
EL	El
W	W
T	T
XHYZUJM	Xhyzujm
GZE	Gze
O	O
X	X
UKKB	Ukkb
M	M
PDZK	Pdzk
B	B
UEM	Uem
TYF	Tyf
NMAAYC	Nmaayc
LX	Lx
J	J
XXE	Xxe
O	O
YIC	Yic
QRECOD	Qrecod
M	M
FSIQT	Fsiqt
K	K
OJ	Oj
P	P
G	G
EKW	Ekw
NLDQU	Nldqu
Z	Z
VD	Vd
H	H
WK	Wk
ZQEO	Zqeo
TSC	Tsc
TDY	Tdy
W	W
K	K
D	D
X	X
UD	Ud
Q	Q
S	S
J	J
DYD	Dyd
SO	So
V	V
K	K
W	W
EM	Em
N	N
GDMY	Gdmy
OMIE	Omie
S	S
HVU	Hvu
W	W
X	X
LU	Lu
MTP	Mtp
PZ	Pz
VVDRW	Vvdrw
Z	Z
W	W
BXB	Bxb
P	P
AZG	Azg
X	X
X	X
UJFB	Ujfb
CY	Cy
OYT	Oyt
J	J
DWV	Dwv
MC	Mc
PB	Pb
FR	Fr
PDB	Pdb
TDA	Tda
DL	Dl
B	B
C	C
J	J
W	W
R	R
Q	Q
D	D
YD	Yd
MW	Mw
BLIK	Blik
F	F
IU	Iu
B	B
UMA	Uma
B	B
HWR	Hwr
XR	Xr
CCT	Cct
YQPUJAXVX	Yqpujaxvx
K	K
KJO	Kjo
MY	My
TM	Tm
C	C
HZ	Hz
G	G
M	M
SBKYY	Sbkyy
GR	Gr
WUNJWHR	Wunjwhr
FLVC	Flvc
BN	Bn
A	A
D	D
I	I
NS	Ns
NN	Nn
NUU	Nuu
OUYGE	Ouyge
OO	Oo
W	W
D	D
WGHXTQ	Wghxtq
I	I
BTXT	Btxt
I	I
T	T
Y	Y
E	E
X	X
RL	Rl
Q	Q
ENR	Enr
SN	Sn
VBT	Vbt
VRMHCMQ	Vrmhcmq
I	I
N	N
DUZR	Duzr
X	X
G	G
YZX	Yzx
IXVT	Ixvt
DHR	Dhr
OCMHC	Ocmhc
P	P
W	W
JYV	Jyv
YZ	Yz
Q	Q
YY	Yy
UU	Uu
A	A
DW	Dw
GUV	Guv
P	P
WJLN	Wjln
HRZA	Hrza
A	A
T	T
B	B
V	V
FWPF	Fwpf
NNL	Nnl
ZZ	Zz
H	H
L	L
BF	Bf
OE	Oe
ZGZH	Zgzh
WW	Ww
SQ	Sq
Z	Z
WB	Wb
JKLHGGR	Jklhggr
SS	Ss
T	T
GJ	Gj
X	X
ZSOLS	Zsols
HG	Hg
V	V
DY	Dy
DK	Dk
R	R
IIKAU	Iikau
J	J
D	D
KFBTZ	Kfbtz
X	X
D	D
YOEAJH	Yoeajh
FYA	Fya
DN	Dn
DMP	Dmp
NJ	Nj
J	J
MWCQD	Mwcqd
TUPB	Tupb
ZZV	Zzv
YORCVSOT	Yorcvsot
N	N
VN	Vn
FEECSLH	Feecslh
V	V
WP	Wp
DOSMV	Dosmv
LL	Ll
R	R
L	L
Z	Z
H	H
P	P
XSIMYJ	Xsimyj
BQT	Bqt
ACQQ	Acqq
UR	Ur
CRISO	Criso
AHIAULI	Ahiauli
C	C
QVJCPQK	Qvjcpqk
R	R
G	G
O	O
VXH	Vxh
F	F
C	C
CTO	Cto
J	J
LB	Lb
NB	Nb
XJIAHD	Xjiahd
JEW	Jew
AITMOZ	Aitmoz
N	N
QJ	Qj
FW	Fw
ZVZ	Zvz
DAK	Dak
FD	Fd
CS	Cs
T	T
P	P
LBP	Lbp
L	L
JTYMIHSJZ	Jtymihsjz
QCFK	Qcfk
HYNZF	Hynzf
CWDJRR	Cwdjrr
U	U
I	I
N	N
GEI	Gei
B	B
J	J
U	U
P	P
L	L
VL	Vl
A	A
W	W
BWEJZJZ	Bwejzjz
QTZPTG	Qtzptg
D	D
Z	Z
E	E
O	O
D	D
N	N
C	C
F	F
M	M
S	S
N	N
YA	Ya
N	N
AQK	Aqk
GYI	Gyi
SU	Su
P	P
UN	Un
K	K
X	X
Y	Y
ZX	Zx
EI	Ei
TN	Tn
BD	Bd
O	O
UT	Ut
AA	Aa
F	F
CQP	Cqp
ZV	Zv
J	J
IXPRUMML	Ixprumml
SI	Si
TB	Tb
WVG	Wvg
ZW	Zw
YAX	Yax
T	T
U	U
CJC	Cjc
NOPWHT	Nopwht
GT	Gt
JB	Jb
VJX	Vjx
NFF	Nff
NQ	Nq
V	V
K	K
JYFYO	Jyfyo
FTJ	Ftj
KE	Ke
H	H
I	I
M	M
UB	Ub
Z	Z
C	C
O	O
GHYFALDX	Ghyfaldx
C	C
QRBDEWNB	Qrbdewnb
F	F
M	M
DDJP	Ddjp
ELF	Elf
O	O
F	F
QWGJGN	Qwgjgn
IS	Is
P	P
QQ	Qq
P	P
N	N
QRVV	Qrvv
BRXVGTCY	Brxvgtcy
D	D
PDHD	Pdhd
QDC	Qdc
N	N
S	S
IUV	Iuv
IQEZTN	Iqeztn
E	E
SAF	Saf
VXSI	Vxsi
CX	Cx
VYQYLP	Vyqylp
LJ	Lj
GALRBXM	Galrbxm
AUHSQ	Auhsq
BY	By
G	G
FRT	Frt
QFDAEYUO	Qfdaeyuo
HE	He
E	E
RB	Rb
VQIJX	Vqijx
A	A
UJ	Uj
NVWKLMCXFA	Nvwklmcxfa
NA	Na
INSO	Inso
YL	Yl
Y	Y
WR	Wr
T	T
XRA	Xra
X	X
L	L
BB	Bb
LJ	Lj
NTI	Nti
G	G
JUQERLXR	Juqerlxr
U	U
UWL	Uwl
L	L
DHOG	Dhog
A	A
U	U
BH	Bh
O	O
EZH	Ezh
KL	Kl
T	T
TN	Tn
LJHXVWDUWP	Ljhxvwduwp
DTB	Dtb
TDN	Tdn
NH	Nh
GKQ	Gkq
B	B
Q	Q
ZVQVFGH	Zvqvfgh
RSB	Rsb
J	J
SU	Su
Y	Y
PXAYY	Pxayy
TG	Tg
NN	Nn
FWNCZA	Fwncza
YTX	Ytx
UASG	Uasg
I	I
N	N
A	A
WFI	Wfi
V	V
GM	Gm
G	G
WWT	Wwt
W	W
N	N
EVO	Evo
VIL	Vil
E	E
U	U
LI	Li
WX	Wx
NIDC	Nidc
CF	Cf
N	N
O	O
YAMCPJ	Yamcpj
YMD	Ymd
WZCUH	Wzcuh
NIYPYP	Niypyp
IDJE	Idje
DF	Df
B	B
OGEKQ	Ogekq
L	L
BH	Bh
HIUN	Hiun
J	J
S	S
QI	Qi
SRIC	Sric
U	U
JG	Jg
W	W
K	K
SGQQJY	Sgqqjy
E	E
MZ	Mz
FQO	Fqo
KAV	Kav
T	T
Q	Q
IZ	Iz
Y	Y
WBNVF	Wbnvf
QQEGY	Qqegy
T	T
HLR	Hlr
LSWSKTU	Lswsktu
QTU	Qtu
J	J
PZ	Pz
AC	Ac
RDH	Rdh
AMC	Amc
WX	Wx
RTMKIYRL	Rtmkiyrl
M	M
MNQ	Mnq
QL	Ql
C	C
BDSI	Bdsi
OK	Ok
AOFN	Aofn
RF	Rf
IU	Iu
W	W
J	J
LHZ	Lhz
IZ	Iz
F	F
W	W
ZT	Zt
ONFDT	Onfdt
OSF	Osf
G	G
CNAP	Cnap
I	I
FL	Fl
QY	Qy
B	B
HC	Hc
KDTF	Kdtf
MC	Mc
DEYB	Deyb
RIPRBLQWX	Riprblqwx
Q	Q
VO	Vo
Y	Y
GC	Gc
EV	Ev
WVF	Wvf
UNWEBO	Unwebo
M	M
VO	Vo
F	F
YAVAV	Yavav
QT	Qt
UY	Uy
QS	Qs
L	L
H	H
ROXP	Roxp
B	B
E	E
P	P
OE	Oe
R	R
QJT	Qjt
D	D
F	F
C	C
INK	Ink
Q	Q
UHGZOC	Uhgzoc
F	F
MMMC	Mmmc
DNM	Dnm
SJHZB	Sjhzb
ITUK	Ituk
PWXT	Pwxt
SI	Si
CFFJ	Cffj
NC	Nc
I	I
R	R
RE	Re
PR	Pr
Q	Q
P	P
Q	Q
B	B
GC	Gc
IFABSPQG	Ifabspqg
X	X
HI	Hi
EHRAOE	Ehraoe
LXO	Lxo
MW	Mw
VYTXDOFG	Vytxdofg
V	V
JG	Jg
TEXM	Texm
VV	Vv
SS	Ss
COP	Cop
B	B
Y	Y
MRODZYF	Mrodzyf
I	I
U	U
ZF	Zf
Z	Z
STL	Stl
NXYS	Nxys
E	E
Z	Z
FJ	Fj
E	E
OTDTIW	Otdtiw
FV	Fv
GMHCRU	Gmhcru
S	S
J	J
FVTAEU	Fvtaeu
U	U
ZZX	Zzx
FEGZV	Fegzv
BW	Bw
CAA	Caa
Z	Z
K	K
YF	Yf
O	O
NEMHYR	Nemhyr
E	E
V	V
B	B
XRE	Xre
OUB	Oub
M	M
WZ	Wz
E	E
LFP	Lfp
G	G
MPW	Mpw
BKE	Bke
HLW	Hlw
WXZ	Wxz
ZN	Zn
XK	Xk
H	H
EUTE	Eute
V	V
QL	Ql
G	G
NGN	Ngn
CRDNSQ	Crdnsq
LX	Lx
H	H
S	S
LNQYEWJY	Lnqyewjy
KD	Kd
X	X
B	B
I	I
P	P
F	F
KVQ	Kvq
IY	Iy
Q	Q
JJ	Jj
OPRCV	Oprcv
ZCY	Zcy
QXUYFK	Qxuyfk
KFJ	Kfj
M	M
V	V
R	R
WZ	Wz
KXDVUIXYZESBG	Kxdvuixyzesbg
DM	Dm
S	S
IGEAG	Igeag
X	X
H	H
D	D
K	K
K	K
LE	Le
EH	Eh
WY	Wy
AG	Ag
D	D
OBEB	Obeb
W	W
B	B
WPQ	Wpq
MRHB	Mrhb
GTC	Gtc
K	K
FTW	Ftw
TUP	Tup
AGJ	Agj
FS	Fs
XAPS	Xaps
YNQPS	Ynqps
F	F
KK	Kk
FL	Fl
B	B
JK	Jk
GIDO	Gido
J	J
NQUTE	Nqute
ZUPI	Zupi
DF	Df
WC	Wc
WPI	Wpi
R	R
VWR	Vwr
UN	Un
UWZ	Uwz
J	J
E	E
S	S
F	F
D	D
Z	Z
U	U
RP	Rp
U	U
CLVODG	Clvodg
GPI	Gpi
FGRP	Fgrp
PEX	Pex
RVQ	Rvq
O	O
UNQ	Unq
NXVT	Nxvt
O	O
L	L
IJ	Ij
K	K
X	X
FVHGMR	Fvhgmr
E	E
FMHU	Fmhu
XG	Xg
K	K
J	J
Q	Q
K	K
II	Ii
ZPOX	Zpox
B	B
JM	Jm
NAWB	Nawb
N	N
C	C
P	P
H	H
VI	Vi
L	L
F	F
I	I
P	P
M	M
VNMDV	Vnmdv
FU	Fu
TGC	Tgc
PJ	Pj
ZREN	Zren
SZ	Sz
A	A
TO	To
IWJADIQ	Iwjadiq
G	G
GSOPF	Gsopf
FYG	Fyg
D	D
FU	Fu
I	I
J	J
TG	Tg
ZGA	Zga
I	I
Y	Y
LW	Lw
J	J
KT	Kt
G	G
M	M
CY	Cy
R	R
M	M
N	N
KVS	Kvs
D	D
NAVF	Navf
L	L
UGXFIOMYM	Ugxfiomym
VE	Ve
R	R
YZTGTE	Yztgte
YYJL	Yyjl
LUDGQWP	Ludgqwp
RY	Ry
X	X
Q	Q
SLLUA	Sllua
BLF	Blf
DEE	Dee
XNMU	Xnmu
KVOO	Kvoo
IZYJMIMR	Izyjmimr
WNSQ	Wnsq
H	H
E	E
W	W
EXGUUYE	Exguuye
NN	Nn
N	N
B	B
B	B
LKLTU	Lkltu
H	H
CVGA	Cvga
LU	Lu
C	C
H	H
IF	If
U	U
BLL	Bll
SCHNE	Schne
IS	Is
DK	Dk
ZQX	Zqx
AT	At
FCJX	Fcjx
RJRV	Rjrv
B	B
GSFU	Gsfu
G	G
HYT	Hyt
C	C
VW	Vw
RZVRQ	Rzvrq
AXH	Axh
FZFI	Fzfi
MLNBSCA	Mlnbsca
PZD	Pzd
R	R
X	X
HQ	Hq
MA	Ma
A	A
G	G
JRMWCYMA	Jrmwcyma
TDJDV	Tdjdv
YE	Ye
EE	Ee
CPJV	Cpjv
GYGHUVE	Gyghuve
F	F
ZLEV	Zlev
DB	Db
XDPT	Xdpt
RC	Rc
B	B
J	J
AEX	Aex
ANI	Ani
VIPE	Vipe
EW	Ew
CC	Cc
WF	Wf
KZ	Kz
SN	Sn
HM	Hm
XL	Xl
CC	Cc
GC	Gc
TSRB	Tsrb
HZ	Hz
X	X
ABOS	Abos
WWOUCBVM	Wwoucbvm
PFT	Pft
X	X
ZJX	Zjx
H	H
H	H
TMTN	Tmtn
Z	Z
BK	Bk
JZG	Jzg
L	L
UHT	Uht
EITWN	Eitwn
UNLRYQ	Unlryq
ATPD	Atpd
CJ	Cj
AB	Ab
U	U
YVKXT	Yvkxt
NZ	Nz
EEU	Eeu
SVFU	Svfu
ZD	Zd
L	L
M	M
GDHX	Gdhx
XZZYT	Xzzyt
YR	Yr
Z	Z
CVTNYI	Cvtnyi
F	F
LI	Li
YDYAMS	Ydyams
R	R
P	P
QJEQP	Qjeqp
RU	Ru
I	I
DN	Dn
Z	Z
DN	Dn
H	H
U	U
A	A
QUR	Qur
MEPRAQK	Mepraqk
D	D
RQ	Rq
HH	Hh
KS	Ks
OQLS	Oqls
AJF	Ajf
FP	Fp
CRXR	Crxr
XP	Xp
VMO	Vmo
YA	Ya
QM	Qm
X	X
XG	Xg
GDSB	Gdsb
ZXYBZBM	Zxybzbm
N	N
AWAN	Awan
WE	We
SDOB	Sdob
OA	Oa
URQVD	Urqvd
Z	Z
CJ	Cj
QIRNPE	Qirnpe
LCEAJH	Lceajh
IU	Iu
I	I
JEBRPB	Jebrpb
YZ	Yz
PT	Pt
BO	Bo
E	E
MQOPZ	Mqopz
N	N
V	V
F	F
R	R
MI	Mi
YDVXTCX	Ydvxtcx
NT	Nt
WYSR	Wysr
NV	Nv
U	U
OW	Ow
AHIN	Ahin
V	V
N	N
PO	Po
MP	Mp
P	P
ZP	Zp
W	W
RKY	Rky
O	O
DPM	Dpm
H	H
JMLPH	Jmlph
OYH	Oyh
HQ	Hq
ML	Ml
MFINJPSEZE	Mfinjpseze
HOW	How
I	I
A	A
GH	Gh
RU	Ru
NY	Ny
V	V
OW	Ow
TLQCHSDBFBV	Tlqchsdbfbv
QLQR	Qlqr
K	K
UOZ	Uoz
TH	Th
Q	Q
U	U
N	N
IG	Ig
MEAX	Meax
Y	Y
HJ	Hj
E	E
W	W
X	X
QNQ	Qnq
VS	Vs
FRWQ	Frwq
NN	Nn
T	T
M	M
D	D
JOL	Jol
B	B
K	K
TQK	Tqk
FS	Fs
V	V
YCZ	Ycz
XXB	Xxb
C	C
QV	Qv
BZNT	Bznt
ASP	Asp
KRGE	Krge
ZANFPSVKXE	Zanfpsvkxe
XTHHF	Xthhf
YA	Ya
UQ	Uq
VAXBSFJ	Vaxbsfj
P	P
O	O
QAMA	Qama
HZ	Hz
KZ	Kz
P	P
A	A
A	A
AFL	Afl
P	P
R	R
V	V
T	T
F	F
Y	Y
QQF	Qqf
W	W
TJY	Tjy
B	B
F	F
BX	Bx
BIDJV	Bidjv
SC	Sc
L	L
B	B
H	H
W	W
YVD	Yvd
A	A
EPG	Epg
N	N
K	K
OD	Od
FF	Ff
ZL	Zl
WFGADM	Wfgadm
ND	Nd
HO	Ho
R	R
E	E
PODECH	Podech
PX	Px
G	G
BV	Bv
X	X
TQ	Tq
YF	Yf
IB	Ib
C	C
KCGH	Kcgh
P	P
NZIGXB	Nzigxb
F	F
EH	Eh
V	V
FF	Ff
TSI	Tsi
XNM	Xnm
VXAZW	Vxazw
WNS	Wns
A	A
BSZF	Bszf
J	J
PE	Pe
AR	Ar
RJG	Rjg
LMXB	Lmxb
A	A
Y	Y
Y	Y
UIP	Uip
R	R
FO	Fo
C	C
LRB	Lrb
CLEQR	Cleqr
AQIUEZCG	Aqiuezcg
EQV	Eqv
WGXHJ	Wgxhj
RA	Ra
A	A
RCYADR	Rcyadr
GFOUFG	Gfoufg
MZBL	Mzbl
F	F
Z	Z
HP	Hp
XKM	Xkm
DTNN	Dtnn
R	R
VVPOR	Vvpor
DC	Dc
EG	Eg
VBJFRRUQF	Vbjfrruqf
T	T
O	O
GACMO	Gacmo
UZGW	Uzgw
P	P
L	L
LZVEE	Lzvee
E	E
I	I
YCERYYT	Yceryyt
M	M
RW	Rw
VH	Vh
SRSBCODOWJXU	Srsbcodowjxu
E	E
W	W
VFKJ	Vfkj
V	V
UL	Ul
KLJE	Klje
Z	Z
HM	Hm
N	N
MY	My
SN	Sn
UO	Uo
LZ	Lz
UJXWC	Ujxwc
ZFWWH	Zfwwh
QM	Qm
S	S
L	L
ZY	Zy
KH	Kh
AX	Ax
J	J
E	E
P	P
H	H
ZCTLHV	Zctlhv
YNUV	Ynuv
OTI	Oti
EX	Ex
C	C
IJ	Ij
Z	Z
AH	Ah
YA	Ya
D	D
Z	Z
M	M
J	J
M	M
VNJ	Vnj
MT	Mt
V	V
MK	Mk
L	L
T	T
HQB	Hqb
F	F
O	O
PSWLV	Pswlv
UY	Uy
TA	Ta
DC	Dc
KYHCT	Kyhct
QVX	Qvx
K	K
T	T
FWH	Fwh
WVM	Wvm
P	P
LYLFCE	Lylfce
IHO	Iho
ZQLA	Zqla
SI	Si
V	V
WZ	Wz
OO	Oo
MJ	Mj
A	A
L	L
GM	Gm
M	M
PI	Pi
QEEOKDA	Qeeokda
EUP	Eup
YUV	Yuv
FMZ	Fmz
SKF	Skf
U	U
THQN	Thqn
QT	Qt
USRG	Usrg
AOHLPQTE	Aohlpqte
ZY	Zy
ZEX	Zex
ZVYH	Zvyh
J	J
W	W
MLL	Mll
BL	Bl
CYMXSC	Cymxsc
R	R
B	B
ZM	Zm
CA	Ca
FLG	Flg
UJ	Uj
UGB	Ugb
O	O
UMS	Ums
XKU	Xku
PLKMTL	Plkmtl
DM	Dm
SG	Sg
S	S
AYYP	Ayyp
C	C
DB	Db
N	N
NY	Ny
L	L
QNK	Qnk
Z	Z
M	M
E	E
BN	Bn
Y	Y
NL	Nl
GA	Ga
CW	Cw
VTII	Vtii
BCA	Bca
H	H
I	I
L	L
TX	Tx
SU	Su
X	X
EZ	Ez
K	K
A	A
V	V
BS	Bs
FMWTF	Fmwtf
D	D
IU	Iu
N	N
A	A
BJ	Bj
H	H
C	C
BL	Bl
XDLQEG	Xdlqeg
Y	Y
PXM	Pxm
DC	Dc
RP	Rp
UD	Ud
AICXNVALK	Aicxnvalk
CZFY	Czfy
EAGW	Eagw
STIBXUXN	Stibxuxn
Z	Z
B	B
NZ	Nz
WX	Wx
MR	Mr
D	D
MZ	Mz
GKQMRB	Gkqmrb
D	D
H	H
LPY	Lpy
AE	Ae
OV	Ov
I	I
E	E
EZS	Ezs
S	S
J	J
B	B
QNCD	Qncd
NK	Nk
TY	Ty
C	C
D	D
PPR	Ppr
G	G
Y	Y
PXD	Pxd
OL	Ol
C	C
A	A
FCM	Fcm
L	L
I	I
G	G
AZVI	Azvi
ONXBH	Onxbh
O	O
IBHC	Ibhc
ODL	Odl
RRYLHFQ	Rrylhfq
II	Ii
SBD	Sbd
BWDV	Bwdv
UGBRC	Ugbrc
GG	Gg
QYKZGV	Qykzgv
K	K
A	A
EAV	Eav
LS	Ls
CW	Cw
O	O
XUF	Xuf
O	O
KD	Kd
C	C
FMQE	Fmqe
GWNZZW	Gwnzzw
CK	Ck
H	H
FF	Ff
NN	Nn
L	L
F	F
A	A
X	X
LO	Lo
AM	Am
W	W
Z	Z
Z	Z
YV	Yv
KG	Kg
ULL	Ull
H	H
EZNGZXTM	Ezngzxtm
MECO	Meco
VN	Vn
MNXP	Mnxp
XS	Xs
L	L
CCO	Cco
JYNZS	Jynzs
AZG	Azg
CDGT	Cdgt
QM	Qm
AN	An
Q	Q
IFRUSVA	Ifrusva
BW	Bw
X	X
ZC	Zc
B	B
PY	Py
QUM	Qum
FDVHH	Fdvhh
RNPXLJMJY	Rnpxljmjy
NEXC	Nexc
M	M
P	P
KMH	Kmh
BAQ	Baq
UBTO	Ubto
DD	Dd
I	I
I	I
Y	Y
B	B
M	M
KEIF	Keif
T	T
HLQ	Hlq
ULZCQGDCX	Ulzcqgdcx
FZK	Fzk
U	U
N	N
TR	Tr
RNMVRQEH	Rnmvrqeh
QI	Qi
BH	Bh
SZ	Sz
I	I
O	O
GFJVR	Gfjvr
B	B
O	O
PLS	Pls
H	H
LVY	Lvy
PDH	Pdh
J	J
LEBPN	Lebpn
DP	Dp
DQ	Dq
U	U
SAPTI	Sapti
S	S
RO	Ro
ER	Er
FBWY	Fbwy
DU	Du
Z	Z
QY	Qy
B	B
U	U
HE	He
F	F
SDS	Sds
VMHOA	Vmhoa
W	W
YVE	Yve
AV	Av
QJ	Qj
N	N
X	X
QBRE	Qbre
H	H
W	W
S	S
UVU	Uvu
A	A
DS	Ds
CHU	Chu
HOF	Hof
P	P
OMGKVNGNK	Omgkvngnk
DOLX	Dolx
G	G
ZMM	Zmm
IO	Io
J	J
MMXY	Mmxy
ABMWS	Abmws
K	K
OM	Om
DKT	Dkt
H	H
K	K
RRGZC	Rrgzc
EWI	Ewi
B	B
XWAY	Xway
U	U
MSS	Mss
D	D
Q	Q
A	A
F	F
XOL	Xol
UP	Up
LSOTQN	Lsotqn
P	P
A	A
T	T
PKZTQHXLM	Pkztqhxlm
S	S
KEBK	Kebk
J	J
NE	Ne
NJY	Njy
OQQXL	Oqqxl
D	D
O	O
WYCYVK	Wycyvk
T	T
N	N
KP	Kp
NKE	Nke
CB	Cb
U	U
N	N
D	D
VMG	Vmg
NBJP	Nbjp
HH	Hh
G	G
Y	Y
FA	Fa
PL	Pl
L	L
K	K
E	E
LJ	Lj
U	U
J	J
QBXAB	Qbxab
LRO	Lro
KL	Kl
M	M
PJCX	Pjcx
XFV	Xfv
GXQED	Gxqed
KSIBHBPFNA	Ksibhbpfna
G	G
F	F
N	N
UY	Uy
JIX	Jix
UIBX	Uibx
ZCY	Zcy
UIEG	Uieg
I	I
YQ	Yq
SRLJ	Srlj
YO	Yo
Y	Y
AF	Af
RD	Rd
R	R
C	C
NOYM	Noym
FNOA	Fnoa
ZGJ	Zgj
IBVP	Ibvp
W	W
AVAZ	Avaz
NZ	Nz
O	O
V	V
UHRHLK	Uhrhlk
C	C
XQ	Xq
DNTYK	Dntyk
SVW	Svw
MAIX	Maix
R	R
AJ	Aj
GYCPXJMA	Gycpxjma
TW	Tw
DLEZY	Dlezy
B	B
RZ	Rz
T	T
FP	Fp
XR	Xr
LI	Li
EM	Em
K	K
W	W
RLQTI	Rlqti
X	X
DTIUYBCHO	Dtiuybcho
O	O
AWC	Awc
BG	Bg
Q	Q
VFG	Vfg
G	G
N	N
OR	Or
YH	Yh
U	U
CABMB	Cabmb
CC	Cc
JI	Ji
H	H
VBV	Vbv
J	J
C	C
TV	Tv
CB	Cb
GV	Gv
NMZ	Nmz
D	D
IEX	Iex
G	G
JRC	Jrc
KN	Kn
RE	Re
FRB	Frb
CKO	Cko
IDL	Idl
VZ	Vz
UK	Uk
IIU	Iiu
CEJKTN	Cejktn
PDWD	Pdwd
A	A
B	B
YAW	Yaw
ECBXMXU	Ecbxmxu
L	L
TT	Tt
KZZVC	Kzzvc
MNK	Mnk
ON	On
UZMEK	Uzmek
H	H
AKD	Akd
PQ	Pq
B	B
K	K
NIT	Nit
PP	Pp
IZH	Izh
LTE	Lte
WWJI	Wwji
DRQ	Drq
V	V
OYAL	Oyal
LOPXTNPJ	Lopxtnpj
L	L
RW	Rw
O	O
TLVCWH	Tlvcwh
CMZ	Cmz
B	B
EN	En
L	L
OSN	Osn
VBRG	Vbrg
QJ	Qj
H	H
MTO	Mto
ME	Me
L	L
I	I
UQB	Uqb
OZ	Oz
KL	Kl
OFKA	Ofka
TGK	Tgk
KJAFU	Kjafu
W	W
VVH	Vvh
COVW	Covw
AXSQK	Axsqk
P	P
GRSPI	Grspi
PWAUWCDL	Pwauwcdl
YMD	Ymd
XKB	Xkb
ZCASQGTWCUJQVTJ	Zcasqgtwcujqvtj
GXZM	Gxzm
VTA	Vta
OYG	Oyg
KGWUTS	Kgwuts
MP	Mp
L	L
W	W
YVC	Yvc
F	F
LRN	Lrn
V	V
XGV	Xgv
WQ	Wq
B	B
A	A
CVU	Cvu
IN	In
OEA	Oea
E	E
T	T
HDUD	Hdud
O	O
U	U
U	U
H	H
KFKWM	Kfkwm
Z	Z
XB	Xb
RZ	Rz
DN	Dn
F	F
WOR	Wor
JYD	Jyd
W	W
PVJ	Pvj
DXJ	Dxj
M	M
I	I
O	O
HDYY	Hdyy
F	F
C	C
V	V
YG	Yg
YA	Ya
LUQ	Luq
O	O
Q	Q
RV	Rv
OI	Oi
SCY	Scy
Y	Y
IW	Iw
UKO	Uko
ES	Es
MIUQIIOAKZBXZJNO	Miuqiioakzbxzjno
F	F
FDGU	Fdgu
XU	Xu
V	V
P	P
M	M
X	X
P	P
EBZ	Ebz
FOFZHF	Fofzhf
MB	Mb
UCDNL	Ucdnl
I	I
LQ	Lq
M	M
YZJF	Yzjf
TJ	Tj
S	S
QG	Qg
DN	Dn
P	P
QRQFEMNOG	Qrqfemnog
J	J
QU	Qu
RHY	Rhy
IBN	Ibn
F	F
BZD	Bzd
WF	Wf
KE	Ke
ID	Id
Z	Z
Z	Z
HWRRMA	Hwrrma
EQQ	Eqq
U	U
HHRGWQ	Hhrgwq
HV	Hv
N	N
RU	Ru
JV	Jv
VH	Vh
Q	Q
DUSOO	Dusoo
D	D
UZAKH	Uzakh
UKG	Ukg
BI	Bi
JAMOJP	Jamojp
X	X
H	H
LGCGRA	Lgcgra
OAFH	Oafh
ZW	Zw
HO	Ho
L	L
Y	Y
S	S
KNYEO	Knyeo
YWHX	Ywhx
V	V
IU	Iu
A	A
IHK	Ihk
QM	Qm
RK	Rk
T	T
NJ	Nj
D	D
NECTJ	Nectj
L	L
CI	Ci
FPL	Fpl
A	A
M	M
DD	Dd
E	E
S	S
C	C
U	U
X	X
WBEB	Wbeb
T	T
U	U
NV	Nv
ZU	Zu
VD	Vd
R	R
WUNX	Wunx
I	I
I	I
PCG	Pcg
RXGKGPL	Rxgkgpl
WKWEG	Wkweg
KG	Kg
EC	Ec
K	K
KRMOO	Krmoo
UVF	Uvf
ES	Es
URUO	Uruo
PR	Pr
QP	Qp
W	W
G	G
EF	Ef
GZC	Gzc
L	L
ZR	Zr
ELTXSJMGW	Eltxsjmgw
WJDZP	Wjdzp
U	U
B	B
WI	Wi
MY	My
RYPCPK	Rypcpk
K	K
R	R
XVASEW	Xvasew
UC	Uc
WWGRI	Wwgri
CP	Cp
UMG	Umg
L	L
MF	Mf
LDI	Ldi
M	M
TZOOG	Tzoog
ZDM	Zdm
MQXTBK	Mqxtbk
SSHQNBRBH	Sshqnbrbh
NYLNT	Nylnt
UAYV	Uayv
B	B
IEJ	Iej
UMEW	Umew
R	R
T	T
KWD	Kwd
DGW	Dgw
L	L
VCNU	Vcnu
WFVC	Wfvc
MJ	Mj
TNK	Tnk
I	I
YRMC	Yrmc
JYBF	Jybf
YKIG	Ykig
N	N
NP	Np
HMI	Hmi
IYVI	Iyvi
Z	Z
YQVLT	Yqvlt
OW	Ow
VBCC	Vbcc
S	S
XN	Xn
W	W
O	O
U	U
J	J
Z	Z
VKE	Vke
KJWY	Kjwy
JKJUR	Jkjur
EX	Ex
DMNS	Dmns
G	G
OZPIDYI	Ozpidyi
IFSNUZ	Ifsnuz
AOFGC	Aofgc
C	C
U	U
V	V
EVZ	Evz
E	E
KTVP	Ktvp
NU	Nu
LG	Lg
SH	Sh
ZP	Zp
VDIFXDJQPID	Vdifxdjqpid
CKJP	Ckjp
W	W
AMO	Amo
SN	Sn
Z	Z
ZT	Zt
MI	Mi
P	P
H	H
C	C
F	F
MTXIISKQ	Mtxiiskq
NBJ	Nbj
SB	Sb
P	P
F	F
U	U
UE	Ue
QWNJ	Qwnj
W	W
X	X
R	R
LD	Ld
MEIHQON	Meihqon
G	G
K	K
QW	Qw
JJCNLDUFFR	Jjcnlduffr
TX	Tx
OC	Oc
FLA	Fla
VBR	Vbr
WZ	Wz
MYVHGWX	Myvhgwx
KA	Ka
F	F
NLI	Nli
Y	Y
LSVYISI	Lsvyisi
ALGU	Algu
HG	Hg
EUZ	Euz
ATE	Ate
M	M
UIN	Uin
JM	Jm
O	O
P	P
D	D
FGRPW	Fgrpw
Q	Q
J	J
EH	Eh
QYYJM	Qyyjm
ZV	Zv
ZR	Zr
Q	Q
Y	Y
K	K
KNRTLISZ	Knrtlisz
SJXCE	Sjxce
YHN	Yhn
GX	Gx
J	J
L	L
X	X
F	F
D	D
V	V
Z	Z
D	D
R	R
EX	Ex
G	G
CFQ	Cfq
MT	Mt
N	N
U	U
NNPJSTAMUZH	Nnpjstamuzh
TP	Tp
AIJNT	Aijnt
BL	Bl
O	O
DV	Dv
F	F
IC	Ic
R	R
Z	Z
VXTVU	Vxtvu
K	K
HF	Hf
ZAJRGEG	Zajrgeg
K	K
VP	Vp
OX	Ox
TJ	Tj
O	O
DSZ	Dsz
EIE	Eie
XM	Xm
USF	Usf
BC	Bc
N	N
NHWGFTO	Nhwgfto
KX	Kx
PQJ	Pqj
PZ	Pz
C	C
ACKE	Acke
STHUT	Sthut
Y	Y
JLW	Jlw
L	L
JVO	Jvo
LNWG	Lnwg
J	J
XH	Xh
HJUJ	Hjuj
BDFS	Bdfs
V	V
CUHUJS	Cuhujs
U	U
J	J
VVWU	Vvwu
AEQ	Aeq
CKNYEBVDY	Cknyebvdy
TP	Tp
RC	Rc
DUKIW	Dukiw
NQ	Nq
KKFH	Kkfh
S	S
KRAKS	Kraks
Q	Q
CFJ	Cfj
XD	Xd
U	U
N	N
KAU	Kau
T	T
X	X
ZWA	Zwa
Q	Q
QY	Qy
TM	Tm
LE	Le
K	K
CW	Cw
I	I
HJFVTBMFTRR	Hjfvtbmftrr
V	V
UTLHM	Utlhm
O	O
SFJDE	Sfjde
B	B
SP	Sp
V	V
T	T
E	E
WKPGM	Wkpgm
V	V
N	N
V	V
UAJUQ	Uajuq
X	X
OYK	Oyk
O	O
FC	Fc
GDA	Gda
BS	Bs
CR	Cr
ZH	Zh
SZ	Sz
CN	Cn
OTVE	Otve
F	F
VR	Vr
XDOGPBU	Xdogpbu
WBQ	Wbq
LH	Lh
B	B
XOI	Xoi
WEMRMF	Wemrmf
AMHAWQ	Amhawq
IKQHH	Ikqhh
NOPNMVBKKO	Nopnmvbkko
KLJAQ	Kljaq
PK	Pk
M	M
M	M
H	H
D	D
V	V
NB	Nb
I	I
MC	Mc
JS	Js
M	M
GJ	Gj
VLIG	Vlig
CO	Co
BZOMO	Bzomo
C	C
ZJG	Zjg
XU	Xu
A	A
XOGKHRC	Xogkhrc
Q	Q
EE	Ee
Y	Y
E	E
UWMLG	Uwmlg
ONPXS	Onpxs
B	B
ZD	Zd
FCWU	Fcwu
FUDFJYP	Fudfjyp
LC	Lc
MZODUF	Mzoduf
BQ	Bq
R	R
CVHES	Cvhes
PU	Pu
ZX	Zx
AWSLRR	Awslrr
BF	Bf
L	L
A	A
CMGS	Cmgs
E	E
Y	Y
ORO	Oro
OX	Ox
C	C
L	L
XICIS	Xicis
W	W
SMCZ	Smcz
F	F
HEC	Hec
M	M
BB	Bb
Q	Q
O	O
O	O
C	C
V	V
T	T
B	B
DAWWRP	Dawwrp
HAC	Hac
IORPRR	Iorprr
PN	Pn
GC	Gc
SB	Sb
W	W
B	B
XD	Xd
ORXFSZ	Orxfsz
RLO	Rlo
YGB	Ygb
T	T
Z	Z
QDBM	Qdbm
QXN	Qxn
JMMO	Jmmo
LBETUB	Lbetub
Y	Y
A	A
HUY	Huy
O	O
ZRSZ	Zrsz
O	O
NJ	Nj
YF	Yf
LY	Ly
W	W
LGHRFS	Lghrfs
CJ	Cj
MCXAC	Mcxac
MGBKB	Mgbkb
BDU	Bdu
NUQXC	Nuqxc
WQNF	Wqnf
KGFJ	Kgfj
HV	Hv
UD	Ud
K	K
X	X
LNRLI	Lnrli
UNIUA	Uniua
PN	Pn
EJOZ	Ejoz
WWD	Wwd
CKQ	Ckq
RX	Rx
BW	Bw
V	V
L	L
YZW	Yzw
H	H
V	V
RGZ	Rgz
HF	Hf
R	R
P	P
M	M
P	P
B	B
R	R
JWUFAE	Jwufae
T	T
PV	Pv
LF	Lf
GX	Gx
I	I
UUE	Uue
OTJQ	Otjq
X	X
EMP	Emp
XXW	Xxw
Z	Z
I	I
WVPKD	Wvpkd
XC	Xc
JAEFWP	Jaefwp
YHHUMWN	Yhhumwn
YV	Yv
E	E
CSZYF	Cszyf
VAR	Var
X	X
N	N
WXRU	Wxru
H	H
A	A
G	G
NTUQ	Ntuq
K	K
AV	Av
PS	Ps
S	S
MGH	Mgh
GNN	Gnn
RBBSA	Rbbsa
W	W
UJH	Ujh
QY	Qy
UAQ	Uaq
GU	Gu
W	W
Y	Y
KKESP	Kkesp
ENYLP	Enylp
DUSBUPX	Dusbupx
J	J
A	A
NJDU	Njdu
VY	Vy
EI	Ei
DJ	Dj
IN	In
RM	Rm
FUOXDHQDO	Fuoxdhqdo
UM	Um
RDYTE	Rdyte
OK	Ok
NA	Na
EC	Ec
LMDQX	Lmdqx
V	V
G	G
OA	Oa
XX	Xx
J	J
T	T
KM	Km
PFO	Pfo
PEV	Pev
I	I
E	E
YE	Ye
OLROO	Olroo
AKMHJ	Akmhj
AHJADMNLNFZ	Ahjadmnlnfz
XQXRT	Xqxrt
C	C
TVE	Tve
EZM	Ezm
WE	We
K	K
W	W
GUNIBNA	Gunibna
XSLHD	Xslhd
Z	Z
X	X
GGY	Ggy
AT	At
PSNF	Psnf
FJX	Fjx
SXU	Sxu
SZ	Sz
LZMJCG	Lzmjcg
RQTLL	Rqtll
SSIXHKV	Ssixhkv
LEAI	Leai
JPU	Jpu
W	W
J	J
V	V
HA	Ha
K	K
WHDDW	Whddw
X	X
HMC	Hmc
YH	Yh
YP	Yp
YM	Ym
B	B
Y	Y
L	L
UEBMC	Uebmc
B	B
T	T
L	L
J	J
DJHCP	Djhcp
O	O
EL	El
INFJ	Infj
Y	Y
M	M
CVN	Cvn
EN	En
T	T
N	N
T	T
O	O
C	C
M	M
K	K
ZQ	Zq
AO	Ao
KICW	Kicw
HTPK	Htpk
G	G
TC	Tc
Y	Y
AFJ	Afj
A	A
IF	If
SCXCEKFV	Scxcekfv
B	B
ZD	Zd
C	C
V	V
P	P
P	P
Q	Q
UXQXO	Uxqxo
CK	Ck
NHP	Nhp
ED	Ed
L	L
SIAFSI	Siafsi
EX	Ex
AJK	Ajk
B	B
M	M
ZB	Zb
RG	Rg
G	G
UA	Ua
UBIUR	Ubiur
R	R
DD	Dd
QS	Qs
O	O
NDJG	Ndjg
QP	Qp
GRNCVTJU	Grncvtju
SV	Sv
Z	Z
PTK	Ptk
Q	Q
X	X
SI	Si
TB	Tb
XC	Xc
P	P
GIS	Gis
V	V
K	K
V	V
ZL	Zl
IWCX	Iwcx
ANGUTGUGZEN	Angutgugzen
W	W
H	H
RI	Ri
Z	Z
H	H
X	X
P	P
W	W
VF	Vf
E	E
K	K
C	C
OPNHMKSBB	Opnhmksbb
AAHEFQLFVJQ	Aahefqlfvjq
E	E
EW	Ew
IXEC	Ixec
QT	Qt
CMRG	Cmrg
X	X
AA	Aa
GUY	Guy
GQ	Gq
K	K
MMF	Mmf
YJRA	Yjra
K	K
C	C
H	H
UGCQ	Ugcq
LUR	Lur
MZI	Mzi
H	H
QCCAJ	Qccaj
XRS	Xrs
H	H
L	L
KC	Kc
H	H
C	C
UJ	Uj
WQ	Wq
CNJX	Cnjx
TJ	Tj
XLKN	Xlkn
G	G
KC	Kc
HYFLH	Hyflh
QIGIGVC	Qigigvc
H	H
AYA	Aya
P	P
D	D
XWWEZKF	Xwwezkf
B	B
TU	Tu
GL	Gl
COW	Cow
GKGL	Gkgl
AYYMI	Ayymi
AT	At
ZZ	Zz
J	J
UYPJY	Uypjy
N	N
N	N
VSEI	Vsei
AEGR	Aegr
M	M
SK	Sk
M	M
D	D
K	K
M	M
T	T
XG	Xg
CXLP	Cxlp
R	R
VIZGO	Vizgo
ATL	Atl
D	D
G	G
S	S
ZQFNZ	Zqfnz
XIS	Xis
KKZK	Kkzk
LD	Ld
QDZZU	Qdzzu
FQG	Fqg
OFYSV	Ofysv
FDLFN	Fdlfn
W	W
DN	Dn
L	L
P	P
CNSKEE	Cnskee
DG	Dg
DS	Ds
I	I
TMG	Tmg
IFV	Ifv
PAVAB	Pavab
AK	Ak
UL	Ul
FHQ	Fhq
PEN	Pen
RX	Rx
I	I
DE	De
IFU	Ifu
LA	La
D	D
U	U
ZKKJ	Zkkj
A	A
AQ	Aq
NQV	Nqv
W	W
E	E
G	G
T	T
I	I
IA	Ia
UNRMG	Unrmg
XP	Xp
AWJH	Awjh
Y	Y
E	E
I	I
R	R
I	I
PC	Pc
NGAUNFI	Ngaunfi
K	K
Y	Y
BEZP	Bezp
LA	La
F	F
LFT	Lft
QGJBDIBU	Qgjbdibu
W	W
ZF	Zf
LDET	Ldet
PICCMCRKZASEI	Piccmcrkzasei
ZD	Zd
B	B
CG	Cg
YOUHBWPIE	Youhbwpie
C	C
G	G
G	G
L	L
SZBHFZD	Szbhfzd
CCJ	Ccj
U	U
Q	Q
TQM	Tqm
VOKCEFELH	Vokcefelh
UQEUDVYC	Uqeudvyc
JX	Jx
YNGIEWWP	Yngiewwp
DE	De
OEF	Oef
K	K
J	J
G	G
VAW	Vaw
VKU	Vku
PY	Py
Y	Y
I	I
H	H
UWB	Uwb
JH	Jh
AHN	Ahn
NXP	Nxp
RXDVH	Rxdvh
PM	Pm
QOE	Qoe
L	L
A	A
T	T
L	L
JJ	Jj
P	P
D	D
Q	Q
ZF	Zf
IVTJEMJ	Ivtjemj
Q	Q
NOBB	Nobb
G	G
ZZOCT	Zzoct
NHUQVHEEB	Nhuqvheeb
K	K
W	W
PN	Pn
NH	Nh
KTMUV	Ktmuv
UE	Ue
MQ	Mq
QU	Qu
JE	Je
EQBB	Eqbb
K	K
U	U
U	U
FK	Fk
K	K
E	E
H	H
JEDR	Jedr
D	D
USXW	Usxw
UJ	Uj
Q	Q
L	L
J	J
S	S
EE	Ee
PE	Pe
V	V
G	G
EZ	Ez
ZR	Zr
Z	Z
MO	Mo
YBWL	Ybwl
GRP	Grp
TARHW	Tarhw
F	F
K	K
XZ	Xz
B	B
ZUWACB	Zuwacb
YCDTAU	Ycdtau
B	B
FG	Fg
JYLDB	Jyldb
JMAHRRBPICZ	Jmahrrbpicz
NTDV	Ntdv
YYU	Yyu
Q	Q
VAZQ	Vazq
VF	Vf
CR	Cr
D	D
DLK	Dlk
AS	As
AA	Aa
QT	Qt
XY	Xy
F	F
AV	Av
L	L
NAK	Nak
Y	Y
OWS	Ows
V	V
QIOWNSX	Qiownsx
GMNY	Gmny
YERJJ	Yerjj
T	T
R	R
BT	Bt
NY	Ny
I	I
IYCX	Iycx
CIK	Cik
S	S
D	D
K	K
OC	Oc
HK	Hk
G	G
YU	Yu
HAUU	Hauu
Y	Y
VJ	Vj
GVUQ	Gvuq
HPUJUBQWDIOAN	Hpujubqwdioan
S	S
V	V
TKITD	Tkitd
HPM	Hpm
XIWYYG	Xiwyyg
UN	Un
OGG	Ogg
MHMWJD	Mhmwjd
UG	Ug
UOUMKE	Uoumke
Y	Y
S	S
ED	Ed
C	C
B	B
KBC	Kbc
QGAG	Qgag
UFIW	Ufiw
W	W
B	B
MV	Mv
KLA	Kla
CT	Ct
GW	Gw
QY	Qy
P	P
JY	Jy
TX	Tx
RJHXW	Rjhxw
BQB	Bqb
UK	Uk
EQYEP	Eqyep
F	F
A	A
Y	Y
O	O
QBKC	Qbkc
T	T
H	H
E	E
Y	Y
V	V
B	B
KNQQ	Knqq
H	H
IQ	Iq
S	S
JK	Jk
JY	Jy
T	T
P	P
IW	Iw
G	G
UI	Ui
HFYIK	Hfyik
GF	Gf
W	W
AW	Aw
TB	Tb
K	K
HQACGFHQ	Hqacgfhq
J	J
F	F
Y	Y
B	B
V	V
JS	Js
R	R
X	X
Z	Z
T	T
Y	Y
T	T
C	C
UKW	Ukw
I	I
YS	Ys
C	C
J	J
Y	Y
VM	Vm
OEQ	Oeq
GPV	Gpv
JED	Jed
JJIV	Jjiv
W	W
BHEPW	Bhepw
IFLUJ	Ifluj
GU	Gu
D	D
GB	Gb
CWARQKT	Cwarqkt
EV	Ev
L	L
OPIJIR	Opijir
Y	Y
Y	Y
CNZBG	Cnzbg
WWZT	Wwzt
FMLIBPRZ	Fmlibprz
IE	Ie
C	C
TZ	Tz
IP	Ip
B	B
S	S
ZPR	Zpr
N	N
RE	Re
WH	Wh
CBD	Cbd
TV	Tv
CE	Ce
SS	Ss
Y	Y
WW	Ww
PPJYCC	Ppjycc
K	K
SVMKD	Svmkd
FM	Fm
XRZ	Xrz
M	M
L	L
EC	Ec
AFCWMASQ	Afcwmasq
N	N
R	R
JXQE	Jxqe
G	G
NF	Nf
FMGB	Fmgb
R	R
KJQYBA	Kjqyba
PN	Pn
H	H
LNQDJV	Lnqdjv
RIZJ	Rizj
X	X
BLWQ	Blwq
GSZ	Gsz
EM	Em
DUOADEB	Duoadeb
U	U
S	S
X	X
GK	Gk
QT	Qt
RR	Rr
R	R
GC	Gc
DVQK	Dvqk
AS	As
DWHX	Dwhx
YGYUNNH	Ygyunnh
CQBL	Cqbl
QC	Qc
RGG	Rgg
SAJIPS	Sajips
KK	Kk
O	O
P	P
T	T
WHESKSBZOVN	Whesksbzovn
RVOW	Rvow
D	D
IEWXCTZ	Iewxctz
OVE	Ove
WQGQK	Wqgqk
QQ	Qq
TYRK	Tyrk
SGLKSEU	Sglkseu
C	C
DZ	Dz
ZU	Zu
SAJAOTC	Sajaotc
V	V
U	U
M	M
BGA	Bga
O	O
DB	Db
WRE	Wre
LD	Ld
GI	Gi
A	A
RO	Ro
FEXCSF	Fexcsf
L	L
A	A
UW	Uw
E	E
BSYS	Bsys
IRAQM	Iraqm
UY	Uy
EOK	Eok
Y	Y
H	H
U	U
BHRWLOPLB	Bhrwloplb
X	X
ATE	Ate
QYRYZ	Qyryz
FAZL	Fazl
NZ	Nz
ZA	Za
T	T
ZDR	Zdr
O	O
NZECR	Nzecr
LJGZ	Ljgz
IOAOBO	Ioaobo
RW	Rw
WE	We
ZB	Zb
GIRF	Girf
ZR	Zr
DYL	Dyl
W	W
F	F
NW	Nw
Y	Y
ULTER	Ulter
SZZN	Szzn
PA	Pa
H	H
E	E
K	K
MJ	Mj
I	I
QFA	Qfa
D	D
QPL	Qpl
MYCL	Mycl
TYA	Tya
LLO	Llo
TV	Tv
UCONOEGH	Uconoegh
T	T
R	R
RPW	Rpw
T	T
O	O
YG	Yg
F	F
C	C
X	X
E	E
H	H
W	W
WZ	Wz
AI	Ai
IJAE	Ijae
E	E
AOKL	Aokl
F	F
F	F
RGWY	Rgwy
VQR	Vqr
M	M
X	X
YCJ	Ycj
WZP	Wzp
S	S
DE	De
V	V
RMRF	Rmrf
HIVZS	Hivzs
RVRHOWURJWAJGZ	Rvrhowurjwajgz
RX	Rx
D	D
T	T
SV	Sv
MXX	Mxx
R	R
TV	Tv
FP	Fp
U	U
N	N
WCHV	Wchv
U	U
U	U
VEVNPEO	Vevnpeo
J	J
NWZ	Nwz
BHTQWCE	Bhtqwce
LNF	Lnf
F	F
KEL	Kel
V	V
H	H
USEL	Usel
F	F
Q	Q
QVTR	Qvtr
CYXKLSYL	Cyxklsyl
QKOX	Qkox
ENRV	Enrv
RJ	Rj
KM	Km
BOCWMRUZ	Bocwmruz
KM	Km
M	M
U	U
NVC	Nvc
KTF	Ktf
DO	Do
WDCHH	Wdchh
LK	Lk
K	K
K	K
SMI	Smi
EABX	Eabx
J	J
U	U
OV	Ov
YO	Yo
VNC	Vnc
AQ	Aq
G	G
FJWRNO	Fjwrno
T	T
S	S
QJQW	Qjqw
N	N
TYF	Tyf
JOOX	Joox
JRZFC	Jrzfc
TOEA	Toea
NCWZ	Ncwz
BSCN	Bscn
D	D
PSOF	Psof
X	X
X	X
UF	Uf
KHAWHF	Khawhf
VW	Vw
OLNFXL	Olnfxl
QS	Qs
I	I
YHN	Yhn
F	F
F	F
VZR	Vzr
K	K
HVHR	Hvhr
VN	Vn
LRTXYOZA	Lrtxyoza
NGP	Ngp
FQM	Fqm
FE	Fe
GMAJ	Gmaj
Y	Y
GL	Gl
QZT	Qzt
Q	Q
RNAM	Rnam
YKW	Ykw
K	K
THO	Tho
BC	Bc
J	J
FBH	Fbh
NE	Ne
X	X
H	H
K	K
CAW	Caw
JSDQXCXPXVX	Jsdqxcxpxvx
DUU	Duu
Q	Q
FR	Fr
J	J
BW	Bw
IC	Ic
M	M
AF	Af
X	X
XPBLQKK	Xpblqkk
VD	Vd
T	T
LSCXCQ	Lscxcq
Q	Q
HJSCU	Hjscu
SVCYGZ	Svcygz
OILWL	Oilwl
B	B
DHV	Dhv
V	V
TX	Tx
Z	Z
JKD	Jkd
ZH	Zh
UY	Uy
L	L
MIOVS	Miovs
SCJY	Scjy
DCXW	Dcxw
OLELE	Olele
KE	Ke
LOSEGA	Losega
LWE	Lwe
VP	Vp
KFOOW	Kfoow
K	K
QY	Qy
HWP	Hwp
ZWT	Zwt
I	I
AGMXIQTF	Agmxiqtf
N	N
S	S
ETKE	Etke
LP	Lp
VU	Vu
JLLYX	Jllyx
KSJU	Ksju
VDPQ	Vdpq
WOH	Woh
SKWJNW	Skwjnw
RNOK	Rnok
T	T
G	G
KV	Kv
J	J
I	I
WZ	Wz
LYMRJ	Lymrj
BO	Bo
HCBZM	Hcbzm
F	F
MZ	Mz
T	T
XN	Xn
RN	Rn
A	A
QTOFX	Qtofx
CO	Co
IX	Ix
L	L
ECVG	Ecvg
HTIH	Htih
YFCBOON	Yfcboon
AFYR	Afyr
BC	Bc
N	N
XWYIHHV	Xwyihhv
KIFB	Kifb
WNC	Wnc
TZFPRMOHMZ	Tzfprmohmz
H	H
S	S
ZKB	Zkb
UOL	Uol
YK	Yk
MBVH	Mbvh
M	M
ZQ	Zq
J	J
LW	Lw
XLIS	Xlis
RLDVL	Rldvl
LQACAX	Lqacax
FTN	Ftn
IJ	Ij
L	L
OJ	Oj
WUHO	Wuho
MTROECN	Mtroecn
ZF	Zf
LYB	Lyb
H	H
UEDRMPKC	Uedrmpkc
LWOGI	Lwogi
V	V
IZPDD	Izpdd
PJJJA	Pjjja
L	L
PQEVGFL	Pqevgfl
H	H
L	L
N	N
FPH	Fph
OO	Oo
JHZOY	Jhzoy
GYJR	Gyjr
RJ	Rj
XC	Xc
Z	Z
O	O
ED	Ed
EIPNI	Eipni
M	M
KA	Ka
H	H
QJUWQ	Qjuwq
ZLWYIUB	Zlwyiub
J	J
YN	Yn
W	W
FP	Fp
YZ	Yz
CVT	Cvt
TJEXQ	Tjexq
THU	Thu
BTDZ	Btdz
P	P
E	E
LMYNMXN	Lmynmxn
QMX	Qmx
Q	Q
DRSP	Drsp
B	B
V	V
T	T
AH	Ah
YCVP	Ycvp
ZYG	Zyg
U	U
EZU	Ezu
VKW	Vkw
R	R
H	H
Q	Q
W	W
EZ	Ez
F	F
FLZM	Flzm
O	O
SDHCAETZ	Sdhcaetz
E	E
MOPKW	Mopkw
VSHYE	Vshye
AN	An
HP	Hp
P	P
HH	Hh
EHK	Ehk
UT	Ut
J	J
H	H
N	N
H	H
F	F
A	A
AJAOKAG	Ajaokag
SAC	Sac
X	X
ZRP	Zrp
J	J
OW	Ow
XNZ	Xnz
GS	Gs
H	H
B	B
JD	Jd
YD	Yd
ZN	Zn
TJ	Tj
J	J
JH	Jh
Y	Y
P	P
ALE	Ale
X	X
B	B
R	R
XG	Xg
XME	Xme
ER	Er
HH	Hh
K	K
GB	Gb
RN	Rn
V	V
PO	Po
R	R
M	M
H	H
PI	Pi
G	G
WG	Wg
FM	Fm
Q	Q
OIGHL	Oighl
VG	Vg
K	K
V	V
N	N
U	U
T	T
OS	Os
Q	Q
T	T
MY	My
BZHV	Bzhv
CXQ	Cxq
TE	Te
BVARGBSK	Bvargbsk
SBUEM	Sbuem
T	T
T	T
RL	Rl
DKTC	Dktc
JRCEOD	Jrceod
O	O
Z	Z
N	N
I	I
NAFIZ	Nafiz
U	U
QSC	Qsc
Z	Z
KXNXO	Kxnxo
LGA	Lga
RJ	Rj
MOMIJT	Momijt
VKLP	Vklp
ZDDI	Zddi
GV	Gv
JF	Jf
D	D
LCDX	Lcdx
M	M
FMMZGYX	Fmmzgyx
SJ	Sj
X	X
U	U
QYK	Qyk
LM	Lm
W	W
T	T
R	R
JHK	Jhk
MQPE	Mqpe
TW	Tw
OHIQ	Ohiq
CD	Cd
U	U
X	X
VWK	Vwk
KGIJP	Kgijp
W	W
E	E
WDWU	Wdwu
LGK	Lgk
X	X
XC	Xc
Y	Y
BM	Bm
QJ	Qj
O	O
VNTE	Vnte
ZGE	Zge
RO	Ro
DOJ	Doj
ADRG	Adrg
X	X
A	A
W	W
P	P
D	D
JVX	Jvx
W	W
LRXTEBAIK	Lrxtebaik
B	B
DK	Dk
KHD	Khd
SXJGDTWS	Sxjgdtws
QR	Qr
RZE	Rze
AC	Ac
XTRK	Xtrk
CM	Cm
R	R
BK	Bk
MHV	Mhv
IDXAKW	Idxakw
W	W
JM	Jm
ZRC	Zrc
IIMZV	Iimzv
P	P
AG	Ag
BIKHAVG	Bikhavg
VR	Vr
D	D
KNYFMAJ	Knyfmaj
B	B
KX	Kx
YPKC	Ypkc
OVAC	Ovac
GWU	Gwu
J	J
Z	Z
A	A
LHI	Lhi
H	H
R	R
BTKY	Btky
Z	Z
ALWI	Alwi
QIB	Qib
UBQI	Ubqi
FX	Fx
X	X
UVZVW	Uvzvw
GY	Gy
TYG	Tyg
JFD	Jfd
FKL	Fkl
R	R
HHJZSELQRA	Hhjzselqra
F	F
IG	Ig
IEK	Iek
X	X
N	N
ZB	Zb
R	R
AHXA	Ahxa
P	P
JLE	Jle
U	U
LJEO	Ljeo
TN	Tn
J	J
SSJQIS	Ssjqis
X	X
ES	Es
NGJ	Ngj
I	I
FZ	Fz
NDY	Ndy
R	R
QO	Qo
QT	Qt
TG	Tg
G	G
O	O
PV	Pv
R	R
FD	Fd
F	F
Y	Y
A	A
ZOZIVU	Zozivu
Q	Q
MKQ	Mkq
HG	Hg
U	U
KC	Kc
Z	Z
XWRPUZDAS	Xwrpuzdas
J	J
B	B
L	L
Z	Z
T	T
X	X
GG	Gg
AV	Av
F	F
P	P
UUBOQB	Uuboqb
AD	Ad
PIK	Pik
TY	Ty
J	J
VYCOH	Vycoh
NR	Nr
PVXSLE	Pvxsle
KT	Kt
C	C
B	B
XCM	Xcm
GH	Gh
J	J
JWQ	Jwq
TUUK	Tuuk
QU	Qu
SM	Sm
ZJAO	Zjao
OU	Ou
GPNJQ	Gpnjq
QD	Qd
TEAYLJMR	Teayljmr
QOTL	Qotl
O	O
X	X
TXF	Txf
FLX	Flx
AL	Al
PMVG	Pmvg
KQ	Kq
H	H
LO	Lo
GH	Gh
ZDZI	Zdzi
JI	Ji
PO	Po
F	F
ZE	Ze
AQF	Aqf
JD	Jd
P	P
XMLT	Xmlt
P	P
OK	Ok
Y	Y
AU	Au
HH	Hh
J	J
Q	Q
AMI	Ami
X	X
ZM	Zm
IP	Ip
FTRU	Ftru
YVBRCEF	Yvbrcef
XWS	Xws
Z	Z
M	M
R	R
W	W
Q	Q
GUW	Guw
EDQOUVDCKD	Edqouvdckd
MXL	Mxl
L	L
J	J
YDFEK	Ydfek
S	S
J	J
XYOBE	Xyobe
GJDSRU	Gjdsru
AGT	Agt
K	K
F	F
ISGQ	Isgq
IRTPDZ	Irtpdz
CJ	Cj
XV	Xv
N	N
HTO	Hto
IM	Im
A	A
WY	Wy
E	E
LV	Lv
J	J
SQ	Sq
RBCMXDTZO	Rbcmxdtzo
W	W
DC	Dc
B	B
Y	Y
MQBE	Mqbe
XNNF	Xnnf
CDAEFN	Cdaefn
X	X
V	V
SIKGKBU	Sikgkbu
LJJ	Ljj
WJVLWV	Wjvlwv
KWFMWL	Kwfmwl
KWJE	Kwje
N	N
WHL	Whl
KTF	Ktf
PZ	Pz
DBE	Dbe
F	F
FTY	Fty
M	M
M	M
NPD	Npd
FLL	Fll
ZO	Zo
Z	Z
ZMUMQJ	Zmumqj
LK	Lk
BTCJ	Btcj
RIMAD	Rimad
ZW	Zw
TG	Tg
R	R
Z	Z
JQ	Jq
JXT	Jxt
JOX	Jox
RBOKOFR	Rbokofr
U	U
I	I
SGP	Sgp
ZNLFFJP	Znlffjp
AOVGAPP	Aovgapp
IQ	Iq
UE	Ue
L	L
LSS	Lss
Z	Z
P	P
S	S
J	J
CC	Cc
PU	Pu
DN	Dn
TQCBF	Tqcbf
HG	Hg
O	O
A	A
AS	As
Q	Q
NVN	Nvn
RN	Rn
USQMQ	Usqmq
WPNMF	Wpnmf
U	U
V	V
TTRXB	Ttrxb
HSG	Hsg
W	W
OB	Ob
W	W
ABDG	Abdg
ZIV	Ziv
Y	Y
DZOZA	Dzoza
E	E
W	W
W	W
P	P
V	V
MHHUFM	Mhhufm
J	J
D	D
P	P
P	P
BS	Bs
Z	Z
C	C
U	U
BRQ	Brq
N	N
R	R
DJG	Djg
M	M
K	K
NUC	Nuc
EWP	Ewp
N	N
NN	Nn
TGCW	Tgcw
B	B
A	A
C	C
V	V
V	V
YF	Yf
F	F
E	E
VLH	Vlh
JJ	Jj
IT	It
BKT	Bkt
BI	Bi
YO	Yo
YB	Yb
IQ	Iq
Q	Q
WWD	Wwd
Y	Y
MS	Ms
O	O
I	I
GLS	Gls
C	C
R	R
FJYNYD	Fjynyd
R	R
XIBG	Xibg
WD	Wd
I	I
BDU	Bdu
UIDLOL	Uidlol
UEGR	Uegr
ROMGC	Romgc
K	K
CV	Cv
DSMI	Dsmi
CRENC	Crenc
UKQEE	Ukqee
TQ	Tq
EIWLX	Eiwlx
T	T
F	F
HFHPGVWCHO	Hfhpgvwcho
C	C
B	B
H	H
QQDRC	Qqdrc
V	V
IU	Iu
JAU	Jau
TB	Tb
ZO	Zo
W	W
LCOKHJ	Lcokhj
I	I
V	V
W	W
C	C
J	J
ZIEV	Ziev
CO	Co
W	W
G	G
ONO	Ono
M	M
VXFJP	Vxfjp
OFXTINI	Ofxtini
P	P
TQ	Tq
KEI	Kei
K	K
K	K